Workbook

Sheet correlaciones
A1: Misma divisa | X1: Matriz estresada correlaciones
A2: Theta | B2: 0.03 | X2: Escenario | Y2: 1
X3: Tiene un cap en el 100% ==> 54a FRTB
B12: Curva | C12: {=+TRANSPOSE(A14:A33)} -> 1M | D12: 1M | E12: 1M | F12: 1M | G12: 1M | H12: 1M | I12: 1M | J12: 1M | K12: 1M | L12: 1M | M12: 3M | N12: 3M | O12: 3M | P12: 3M | Q12: 3M | R12: 3M | S12: 3M | T12: 3M | U12: 3M | V12: 3M | Y12: Curva | Z12: {=+TRANSPOSE(X14:X33)} -> 1M | AA12: 1M | AB12: 1M | AC12: 1M | AD12: 1M | AE12: 1M | AF12: 1M | AG12: 1M | AH12: 1M | AI12: 1M | AJ12: 3M | AK12: 3M | AL12: 3M | AM12: 3M | AN12: 3M | AO12: 3M | AP12: 3M | AQ12: 3M | AR12: 3M | AS12: 3M
A13: Curva | B13: Tenor | C13: {=+TRANSPOSE(B14:B33)} -> 0.25 | D13: 0.5 | E13: 1 | F13: 2 | G13: 3 | H13: 5 | I13: 10 | J13: 15 | K13: 20 | L13: 30 | M13: 0.25 | N13: 0.5 | O13: 1 | P13: 2 | Q13: 3 | R13: 5 | S13: 10 | T13: 15 | U13: 20 | V13: 30 | X13: Curva | Y13: Tenor | Z13: {=+TRANSPOSE(Y14:Y33)} -> 0.25 | AA13: 0.5 | AB13: 1 | AC13: 2 | AD13: 3 | AE13: 5 | AF13: 10 | AG13: 15 | AH13: 20 | AI13: 30 | AJ13: 0.25 | AK13: 0.5 | AL13: 1 | AM13: 2 | AN13: 3 | AO13: 5 | AP13: 10 | AQ13: 15 | AR13: 20 | AS13: 30
A14: 1M | B14: 0.25 | C14: =+IF(C$12<>$A14,99.9%,1)*MAX(EXP(-$B$2*(ABS(C$13-$B14)/MIN(C$13,$B14))),40%) -> 1 | D14: =+IF(D$12<>$A14,99.9%,1)*MAX(EXP(-$B$2*(ABS(D$13-$B14)/MIN(D$13,$B14))),40%) -> 0.97044553 | E14: =+IF(E$12<>$A14,99.9%,1)*MAX(EXP(-$B$2*(ABS(E$13-$B14)/MIN(E$13,$B14))),40%) -> 0.91393119 | F14: =+IF(F$12<>$A14,99.9%,1)*MAX(EXP(-$B$2*(ABS(F$13-$B14)/MIN(F$13,$B14))),40%) -> 0.81058425 | G14: =+IF(G$12<>$A14,99.9%,1)*MAX(EXP(-$B$2*(ABS(G$13-$B14)/MIN(G$13,$B14))),40%) -> 0.71892373 | H14: =+IF(H$12<>$A14,99.9%,1)*MAX(EXP(-$B$2*(ABS(H$13-$B14)/MIN(H$13,$B14))),40%) -> 0.56552544 | I14: =+IF(I$12<>$A14,99.9%,1)*MAX(EXP(-$B$2*(ABS(I$13-$B14)/MIN(I$13,$B14))),40%) -> 0.4 | J14: =+IF(J$12<>$A14,99.9%,1)*MAX(EXP(-$B$2*(ABS(J$13-$B14)/MIN(J$13,$B14))),40%) -> 0.4 | ... V14: =+IF(V$12<>$A14,99.9%,1)*MAX(EXP(-$B$2*(ABS(V$13-$B14)/MIN(V$13,$B14))),40%) -> 0.3996 | X14: 1M | Y14: 0.25 | Z14: 1 | AA14: =+IF(D14*$Y$2>1,1,D14*$Y$2) -> 0.97044553 | AB14: =+IF(E14*$Y$2>1,1,E14*$Y$2) -> 0.91393119 | AC14: =+IF(F14*$Y$2>1,1,F14*$Y$2) -> 0.81058425 | AD14: =+IF(G14*$Y$2>1,1,G14*$Y$2) -> 0.71892373 | AE14: =+IF(H14*$Y$2>1,1,H14*$Y$2) -> 0.56552544 | AF14: =+IF(I14*$Y$2>1,1,I14*$Y$2) -> 0.4 | AG14: =+IF(J14*$Y$2>1,1,J14*$Y$2) -> 0.4 | AH14: =+IF(K14*$Y$2>1,1,K14*$Y$2) -> 0.4 | ... AS14: =+IF(V14*$Y$2>1,1,V14*$Y$2) -> 0.3996
A15: 1M | B15: 0.5 | C15: =+IF(C$12<>$A15,99.9%,1)*MAX(EXP(-$B$2*(ABS(C$13-$B15)/MIN(C$13,$B15))),40%) -> 0.97044553 | D15: =+IF(D$12<>$A15,99.9%,1)*MAX(EXP(-$B$2*(ABS(D$13-$B15)/MIN(D$13,$B15))),40%) -> 1 | E15: =+IF(E$12<>$A15,99.9%,1)*MAX(EXP(-$B$2*(ABS(E$13-$B15)/MIN(E$13,$B15))),40%) -> 0.97044553 | F15: =+IF(F$12<>$A15,99.9%,1)*MAX(EXP(-$B$2*(ABS(F$13-$B15)/MIN(F$13,$B15))),40%) -> 0.91393119 | G15: =+IF(G$12<>$A15,99.9%,1)*MAX(EXP(-$B$2*(ABS(G$13-$B15)/MIN(G$13,$B15))),40%) -> 0.86070798 | H15: =+IF(H$12<>$A15,99.9%,1)*MAX(EXP(-$B$2*(ABS(H$13-$B15)/MIN(H$13,$B15))),40%) -> 0.76337949 | I15: =+IF(I$12<>$A15,99.9%,1)*MAX(EXP(-$B$2*(ABS(I$13-$B15)/MIN(I$13,$B15))),40%) -> 0.56552544 | J15: =+IF(J$12<>$A15,99.9%,1)*MAX(EXP(-$B$2*(ABS(J$13-$B15)/MIN(J$13,$B15))),40%) -> 0.41895155 | ... V15: =+IF(V$12<>$A15,99.9%,1)*MAX(EXP(-$B$2*(ABS(V$13-$B15)/MIN(V$13,$B15))),40%) -> 0.3996 | X15: 1M | Y15: 0.5 | Z15: =+IF(C15*$Y$2>1,1,C15*$Y$2) -> 0.97044553 | AA15: 1 | AB15: =+IF(E15*$Y$2>1,1,E15*$Y$2) -> 0.97044553 | AC15: =+IF(F15*$Y$2>1,1,F15*$Y$2) -> 0.91393119 | AD15: =+IF(G15*$Y$2>1,1,G15*$Y$2) -> 0.86070798 | AE15: =+IF(H15*$Y$2>1,1,H15*$Y$2) -> 0.76337949 | AF15: =+IF(I15*$Y$2>1,1,I15*$Y$2) -> 0.56552544 | AG15: =+IF(J15*$Y$2>1,1,J15*$Y$2) -> 0.41895155 | AH15: =+IF(K15*$Y$2>1,1,K15*$Y$2) -> 0.4 | AI15: =+IF(L15*$Y$2>1,1,L15*$Y$2) -> 0.4 | ... AS15: =+IF(V15*$Y$2>1,1,V15*$Y$2) -> 0.3996
A16: 1M | B16: 1 | C16: =+IF(C$12<>$A16,99.9%,1)*MAX(EXP(-$B$2*(ABS(C$13-$B16)/MIN(C$13,$B16))),40%) -> 0.91393119 | D16: =+IF(D$12<>$A16,99.9%,1)*MAX(EXP(-$B$2*(ABS(D$13-$B16)/MIN(D$13,$B16))),40%) -> 0.97044553 | E16: =+IF(E$12<>$A16,99.9%,1)*MAX(EXP(-$B$2*(ABS(E$13-$B16)/MIN(E$13,$B16))),40%) -> 1 | F16: =+IF(F$12<>$A16,99.9%,1)*MAX(EXP(-$B$2*(ABS(F$13-$B16)/MIN(F$13,$B16))),40%) -> 0.97044553 | G16: =+IF(G$12<>$A16,99.9%,1)*MAX(EXP(-$B$2*(ABS(G$13-$B16)/MIN(G$13,$B16))),40%) -> 0.94176453 | H16: =+IF(H$12<>$A16,99.9%,1)*MAX(EXP(-$B$2*(ABS(H$13-$B16)/MIN(H$13,$B16))),40%) -> 0.88692044 | I16: =+IF(I$12<>$A16,99.9%,1)*MAX(EXP(-$B$2*(ABS(I$13-$B16)/MIN(I$13,$B16))),40%) -> 0.76337949 | J16: =+IF(J$12<>$A16,99.9%,1)*MAX(EXP(-$B$2*(ABS(J$13-$B16)/MIN(J$13,$B16))),40%) -> 0.65704682 | ... V16: =+IF(V$12<>$A16,99.9%,1)*MAX(EXP(-$B$2*(ABS(V$13-$B16)/MIN(V$13,$B16))),40%) -> 0.4185326 | X16: 1M | Y16: 1 | Z16: =+IF(C16*$Y$2>1,1,C16*$Y$2) -> 0.91393119 | AA16: =+IF(D16*$Y$2>1,1,D16*$Y$2) -> 0.97044553 | AB16: 1 | AC16: =+IF(F16*$Y$2>1,1,F16*$Y$2) -> 0.97044553 | AD16: =+IF(G16*$Y$2>1,1,G16*$Y$2) -> 0.94176453 | AE16: =+IF(H16*$Y$2>1,1,H16*$Y$2) -> 0.88692044 | AF16: =+IF(I16*$Y$2>1,1,I16*$Y$2) -> 0.76337949 | AG16: =+IF(J16*$Y$2>1,1,J16*$Y$2) -> 0.65704682 | AH16: =+IF(K16*$Y$2>1,1,K16*$Y$2) -> 0.56552544 | AI16: =+IF(L16*$Y$2>1,1,L16*$Y$2) -> 0.41895155 | AJ16: =+IF(M16*$Y$2>1,1,M16*$Y$2) -> 0.91301725 | ... AS16: =+IF(V16*$Y$2>1,1,V16*$Y$2) -> 0.4185326
A17: 1M | B17: 2 | C17: =+IF(C$12<>$A17,99.9%,1)*MAX(EXP(-$B$2*(ABS(C$13-$B17)/MIN(C$13,$B17))),40%) -> 0.81058425 | D17: =+IF(D$12<>$A17,99.9%,1)*MAX(EXP(-$B$2*(ABS(D$13-$B17)/MIN(D$13,$B17))),40%) -> 0.91393119 | E17: =+IF(E$12<>$A17,99.9%,1)*MAX(EXP(-$B$2*(ABS(E$13-$B17)/MIN(E$13,$B17))),40%) -> 0.97044553 | F17: =+IF(F$12<>$A17,99.9%,1)*MAX(EXP(-$B$2*(ABS(F$13-$B17)/MIN(F$13,$B17))),40%) -> 1 | G17: =+IF(G$12<>$A17,99.9%,1)*MAX(EXP(-$B$2*(ABS(G$13-$B17)/MIN(G$13,$B17))),40%) -> 0.98511194 | H17: =+IF(H$12<>$A17,99.9%,1)*MAX(EXP(-$B$2*(ABS(H$13-$B17)/MIN(H$13,$B17))),40%) -> 0.95599748 | I17: =+IF(I$12<>$A17,99.9%,1)*MAX(EXP(-$B$2*(ABS(I$13-$B17)/MIN(I$13,$B17))),40%) -> 0.88692044 | J17: =+IF(J$12<>$A17,99.9%,1)*MAX(EXP(-$B$2*(ABS(J$13-$B17)/MIN(J$13,$B17))),40%) -> 0.82283466 | ... V17: =+IF(V$12<>$A17,99.9%,1)*MAX(EXP(-$B$2*(ABS(V$13-$B17)/MIN(V$13,$B17))),40%) -> 0.65638977 | X17: 1M | Y17: 2 | Z17: =+IF(C17*$Y$2>1,1,C17*$Y$2) -> 0.81058425 | AA17: =+IF(D17*$Y$2>1,1,D17*$Y$2) -> 0.91393119 | AB17: =+IF(E17*$Y$2>1,1,E17*$Y$2) -> 0.97044553 | AC17: 1 | AD17: =+IF(G17*$Y$2>1,1,G17*$Y$2) -> 0.98511194 | AE17: =+IF(H17*$Y$2>1,1,H17*$Y$2) -> 0.95599748 | AF17: =+IF(I17*$Y$2>1,1,I17*$Y$2) -> 0.88692044 | AG17: =+IF(J17*$Y$2>1,1,J17*$Y$2) -> 0.82283466 | AH17: =+IF(K17*$Y$2>1,1,K17*$Y$2) -> 0.76337949 | AI17: =+IF(L17*$Y$2>1,1,L17*$Y$2) -> 0.65704682 | AJ17: =+IF(M17*$Y$2>1,1,M17*$Y$2) -> 0.80977366 | AK17: =+IF(N17*$Y$2>1,1,N17*$Y$2) -> 0.91301725 | ... AS17: =+IF(V17*$Y$2>1,1,V17*$Y$2) -> 0.65638977
A18: 1M | B18: 3 | C18: =+IF(C$12<>$A18,99.9%,1)*MAX(EXP(-$B$2*(ABS(C$13-$B18)/MIN(C$13,$B18))),40%) -> 0.71892373 | D18: =+IF(D$12<>$A18,99.9%,1)*MAX(EXP(-$B$2*(ABS(D$13-$B18)/MIN(D$13,$B18))),40%) -> 0.86070798 | E18: =+IF(E$12<>$A18,99.9%,1)*MAX(EXP(-$B$2*(ABS(E$13-$B18)/MIN(E$13,$B18))),40%) -> 0.94176453 | F18: =+IF(F$12<>$A18,99.9%,1)*MAX(EXP(-$B$2*(ABS(F$13-$B18)/MIN(F$13,$B18))),40%) -> 0.98511194 | G18: =+IF(G$12<>$A18,99.9%,1)*MAX(EXP(-$B$2*(ABS(G$13-$B18)/MIN(G$13,$B18))),40%) -> 1 | H18: =+IF(H$12<>$A18,99.9%,1)*MAX(EXP(-$B$2*(ABS(H$13-$B18)/MIN(H$13,$B18))),40%) -> 0.98019867 | I18: =+IF(I$12<>$A18,99.9%,1)*MAX(EXP(-$B$2*(ABS(I$13-$B18)/MIN(I$13,$B18))),40%) -> 0.93239382 | J18: =+IF(J$12<>$A18,99.9%,1)*MAX(EXP(-$B$2*(ABS(J$13-$B18)/MIN(J$13,$B18))),40%) -> 0.88692044 | ... V18: =+IF(V$12<>$A18,99.9%,1)*MAX(EXP(-$B$2*(ABS(V$13-$B18)/MIN(V$13,$B18))),40%) -> 0.76261611 | X18: 1M | Y18: 3 | Z18: =+IF(C18*$Y$2>1,1,C18*$Y$2) -> 0.71892373 | AA18: =+IF(D18*$Y$2>1,1,D18*$Y$2) -> 0.86070798 | AB18: =+IF(E18*$Y$2>1,1,E18*$Y$2) -> 0.94176453 | AC18: =+IF(F18*$Y$2>1,1,F18*$Y$2) -> 0.98511194 | AD18: 1 | AE18: =+IF(H18*$Y$2>1,1,H18*$Y$2) -> 0.98019867 | AF18: =+IF(I18*$Y$2>1,1,I18*$Y$2) -> 0.93239382 | AG18: =+IF(J18*$Y$2>1,1,J18*$Y$2) -> 0.88692044 | AH18: =+IF(K18*$Y$2>1,1,K18*$Y$2) -> 0.84366482 | AI18: =+IF(L18*$Y$2>1,1,L18*$Y$2) -> 0.76337949 | AJ18: =+IF(M18*$Y$2>1,1,M18*$Y$2) -> 0.71820481 | AK18: =+IF(N18*$Y$2>1,1,N18*$Y$2) -> 0.85984727 | AL18: =+IF(O18*$Y$2>1,1,O18*$Y$2) -> 0.94082277 | ... AS18: =+IF(V18*$Y$2>1,1,V18*$Y$2) -> 0.76261611
A19: 1M | B19: 5 | C19: =+IF(C$12<>$A19,99.9%,1)*MAX(EXP(-$B$2*(ABS(C$13-$B19)/MIN(C$13,$B19))),40%) -> 0.56552544 | D19: =+IF(D$12<>$A19,99.9%,1)*MAX(EXP(-$B$2*(ABS(D$13-$B19)/MIN(D$13,$B19))),40%) -> 0.76337949 | E19: =+IF(E$12<>$A19,99.9%,1)*MAX(EXP(-$B$2*(ABS(E$13-$B19)/MIN(E$13,$B19))),40%) -> 0.88692044 | F19: =+IF(F$12<>$A19,99.9%,1)*MAX(EXP(-$B$2*(ABS(F$13-$B19)/MIN(F$13,$B19))),40%) -> 0.95599748 | G19: =+IF(G$12<>$A19,99.9%,1)*MAX(EXP(-$B$2*(ABS(G$13-$B19)/MIN(G$13,$B19))),40%) -> 0.98019867 | H19: =+IF(H$12<>$A19,99.9%,1)*MAX(EXP(-$B$2*(ABS(H$13-$B19)/MIN(H$13,$B19))),40%) -> 1 | I19: =+IF(I$12<>$A19,99.9%,1)*MAX(EXP(-$B$2*(ABS(I$13-$B19)/MIN(I$13,$B19))),40%) -> 0.97044553 | J19: =+IF(J$12<>$A19,99.9%,1)*MAX(EXP(-$B$2*(ABS(J$13-$B19)/MIN(J$13,$B19))),40%) -> 0.94176453 | ... V19: =+IF(V$12<>$A19,99.9%,1)*MAX(EXP(-$B$2*(ABS(V$13-$B19)/MIN(V$13,$B19))),40%) -> 0.85984727 | X19: 1M | Y19: 5 | Z19: =+IF(C19*$Y$2>1,1,C19*$Y$2) -> 0.56552544 | AA19: =+IF(D19*$Y$2>1,1,D19*$Y$2) -> 0.76337949 | AB19: =+IF(E19*$Y$2>1,1,E19*$Y$2) -> 0.88692044 | AC19: =+IF(F19*$Y$2>1,1,F19*$Y$2) -> 0.95599748 | AD19: =+IF(G19*$Y$2>1,1,G19*$Y$2) -> 0.98019867 | AE19: 1 | AF19: =+IF(I19*$Y$2>1,1,I19*$Y$2) -> 0.97044553 | AG19: =+IF(J19*$Y$2>1,1,J19*$Y$2) -> 0.94176453 | AH19: =+IF(K19*$Y$2>1,1,K19*$Y$2) -> 0.91393119 | AI19: =+IF(L19*$Y$2>1,1,L19*$Y$2) -> 0.86070798 | AJ19: =+IF(M19*$Y$2>1,1,M19*$Y$2) -> 0.56495991 | AK19: =+IF(N19*$Y$2>1,1,N19*$Y$2) -> 0.76261611 | AL19: =+IF(O19*$Y$2>1,1,O19*$Y$2) -> 0.88603352 | AM19: =+IF(P19*$Y$2>1,1,P19*$Y$2) -> 0.95504148 | ... AS19: =+IF(V19*$Y$2>1,1,V19*$Y$2) -> 0.85984727
A20: 1M | B20: 10 | C20: =+IF(C$12<>$A20,99.9%,1)*MAX(EXP(-$B$2*(ABS(C$13-$B20)/MIN(C$13,$B20))),40%) -> 0.4 | D20: =+IF(D$12<>$A20,99.9%,1)*MAX(EXP(-$B$2*(ABS(D$13-$B20)/MIN(D$13,$B20))),40%) -> 0.56552544 | E20: =+IF(E$12<>$A20,99.9%,1)*MAX(EXP(-$B$2*(ABS(E$13-$B20)/MIN(E$13,$B20))),40%) -> 0.76337949 | F20: =+IF(F$12<>$A20,99.9%,1)*MAX(EXP(-$B$2*(ABS(F$13-$B20)/MIN(F$13,$B20))),40%) -> 0.88692044 | G20: =+IF(G$12<>$A20,99.9%,1)*MAX(EXP(-$B$2*(ABS(G$13-$B20)/MIN(G$13,$B20))),40%) -> 0.93239382 | H20: =+IF(H$12<>$A20,99.9%,1)*MAX(EXP(-$B$2*(ABS(H$13-$B20)/MIN(H$13,$B20))),40%) -> 0.97044553 | I20: =+IF(I$12<>$A20,99.9%,1)*MAX(EXP(-$B$2*(ABS(I$13-$B20)/MIN(I$13,$B20))),40%) -> 1 | J20: =+IF(J$12<>$A20,99.9%,1)*MAX(EXP(-$B$2*(ABS(J$13-$B20)/MIN(J$13,$B20))),40%) -> 0.98511194 | ... V20: =+IF(V$12<>$A20,99.9%,1)*MAX(EXP(-$B$2*(ABS(V$13-$B20)/MIN(V$13,$B20))),40%) -> 0.94082277 | X20: 1M | Y20: 10 | Z20: =+IF(C20*$Y$2>1,1,C20*$Y$2) -> 0.4 | AA20: =+IF(D20*$Y$2>1,1,D20*$Y$2) -> 0.56552544 | AB20: =+IF(E20*$Y$2>1,1,E20*$Y$2) -> 0.76337949 | AC20: =+IF(F20*$Y$2>1,1,F20*$Y$2) -> 0.88692044 | AD20: =+IF(G20*$Y$2>1,1,G20*$Y$2) -> 0.93239382 | AE20: =+IF(H20*$Y$2>1,1,H20*$Y$2) -> 0.97044553 | AF20: 1 | AG20: =+IF(J20*$Y$2>1,1,J20*$Y$2) -> 0.98511194 | AH20: =+IF(K20*$Y$2>1,1,K20*$Y$2) -> 0.97044553 | AI20: =+IF(L20*$Y$2>1,1,L20*$Y$2) -> 0.94176453 | AJ20: =+IF(M20*$Y$2>1,1,M20*$Y$2) -> 0.3996 | AK20: =+IF(N20*$Y$2>1,1,N20*$Y$2) -> 0.56495991 | AL20: =+IF(O20*$Y$2>1,1,O20*$Y$2) -> 0.76261611 | AM20: =+IF(P20*$Y$2>1,1,P20*$Y$2) -> 0.88603352 | AN20: =+IF(Q20*$Y$2>1,1,Q20*$Y$2) -> 0.93146143 | ... AS20: =+IF(V20*$Y$2>1,1,V20*$Y$2) -> 0.94082277
A21: 1M | B21: 15 | C21: =+IF(C$12<>$A21,99.9%,1)*MAX(EXP(-$B$2*(ABS(C$13-$B21)/MIN(C$13,$B21))),40%) -> 0.4 | D21: =+IF(D$12<>$A21,99.9%,1)*MAX(EXP(-$B$2*(ABS(D$13-$B21)/MIN(D$13,$B21))),40%) -> 0.41895155 | E21: =+IF(E$12<>$A21,99.9%,1)*MAX(EXP(-$B$2*(ABS(E$13-$B21)/MIN(E$13,$B21))),40%) -> 0.65704682 | F21: =+IF(F$12<>$A21,99.9%,1)*MAX(EXP(-$B$2*(ABS(F$13-$B21)/MIN(F$13,$B21))),40%) -> 0.82283466 | G21: =+IF(G$12<>$A21,99.9%,1)*MAX(EXP(-$B$2*(ABS(G$13-$B21)/MIN(G$13,$B21))),40%) -> 0.88692044 | H21: =+IF(H$12<>$A21,99.9%,1)*MAX(EXP(-$B$2*(ABS(H$13-$B21)/MIN(H$13,$B21))),40%) -> 0.94176453 | I21: =+IF(I$12<>$A21,99.9%,1)*MAX(EXP(-$B$2*(ABS(I$13-$B21)/MIN(I$13,$B21))),40%) -> 0.98511194 | J21: =+IF(J$12<>$A21,99.9%,1)*MAX(EXP(-$B$2*(ABS(J$13-$B21)/MIN(J$13,$B21))),40%) -> 1 | ... V21: =+IF(V$12<>$A21,99.9%,1)*MAX(EXP(-$B$2*(ABS(V$13-$B21)/MIN(V$13,$B21))),40%) -> 0.96947509 | X21: 1M | Y21: 15 | Z21: =+IF(C21*$Y$2>1,1,C21*$Y$2) -> 0.4 | AA21: =+IF(D21*$Y$2>1,1,D21*$Y$2) -> 0.41895155 | AB21: =+IF(E21*$Y$2>1,1,E21*$Y$2) -> 0.65704682 | AC21: =+IF(F21*$Y$2>1,1,F21*$Y$2) -> 0.82283466 | AD21: =+IF(G21*$Y$2>1,1,G21*$Y$2) -> 0.88692044 | AE21: =+IF(H21*$Y$2>1,1,H21*$Y$2) -> 0.94176453 | AF21: =+IF(I21*$Y$2>1,1,I21*$Y$2) -> 0.98511194 | AG21: 1 | AH21: =+IF(K21*$Y$2>1,1,K21*$Y$2) -> 0.99004983 | AI21: =+IF(L21*$Y$2>1,1,L21*$Y$2) -> 0.97044553 | AJ21: =+IF(M21*$Y$2>1,1,M21*$Y$2) -> 0.3996 | AK21: =+IF(N21*$Y$2>1,1,N21*$Y$2) -> 0.4185326 | AL21: =+IF(O21*$Y$2>1,1,O21*$Y$2) -> 0.65638977 | AM21: =+IF(P21*$Y$2>1,1,P21*$Y$2) -> 0.82201182 | AN21: =+IF(Q21*$Y$2>1,1,Q21*$Y$2) -> 0.88603352 | AO21: =+IF(R21*$Y$2>1,1,R21*$Y$2) -> 0.94082277 | ... AS21: =+IF(V21*$Y$2>1,1,V21*$Y$2) -> 0.96947509
A22: 1M | B22: 20 | C22: =+IF(C$12<>$A22,99.9%,1)*MAX(EXP(-$B$2*(ABS(C$13-$B22)/MIN(C$13,$B22))),40%) -> 0.4 | D22: =+IF(D$12<>$A22,99.9%,1)*MAX(EXP(-$B$2*(ABS(D$13-$B22)/MIN(D$13,$B22))),40%) -> 0.4 | E22: =+IF(E$12<>$A22,99.9%,1)*MAX(EXP(-$B$2*(ABS(E$13-$B22)/MIN(E$13,$B22))),40%) -> 0.56552544 | F22: =+IF(F$12<>$A22,99.9%,1)*MAX(EXP(-$B$2*(ABS(F$13-$B22)/MIN(F$13,$B22))),40%) -> 0.76337949 | G22: =+IF(G$12<>$A22,99.9%,1)*MAX(EXP(-$B$2*(ABS(G$13-$B22)/MIN(G$13,$B22))),40%) -> 0.84366482 | H22: =+IF(H$12<>$A22,99.9%,1)*MAX(EXP(-$B$2*(ABS(H$13-$B22)/MIN(H$13,$B22))),40%) -> 0.91393119 | I22: =+IF(I$12<>$A22,99.9%,1)*MAX(EXP(-$B$2*(ABS(I$13-$B22)/MIN(I$13,$B22))),40%) -> 0.97044553 | J22: =+IF(J$12<>$A22,99.9%,1)*MAX(EXP(-$B$2*(ABS(J$13-$B22)/MIN(J$13,$B22))),40%) -> 0.99004983 | ... V22: =+IF(V$12<>$A22,99.9%,1)*MAX(EXP(-$B$2*(ABS(V$13-$B22)/MIN(V$13,$B22))),40%) -> 0.98412683 | X22: 1M | Y22: 20 | Z22: =+IF(C22*$Y$2>1,1,C22*$Y$2) -> 0.4 | AA22: =+IF(D22*$Y$2>1,1,D22*$Y$2) -> 0.4 | AB22: =+IF(E22*$Y$2>1,1,E22*$Y$2) -> 0.56552544 | AC22: =+IF(F22*$Y$2>1,1,F22*$Y$2) -> 0.76337949 | AD22: =+IF(G22*$Y$2>1,1,G22*$Y$2) -> 0.84366482 | AE22: =+IF(H22*$Y$2>1,1,H22*$Y$2) -> 0.91393119 | AF22: =+IF(I22*$Y$2>1,1,I22*$Y$2) -> 0.97044553 | AG22: =+IF(J22*$Y$2>1,1,J22*$Y$2) -> 0.99004983 | AH22: 1 | AI22: =+IF(L22*$Y$2>1,1,L22*$Y$2) -> 0.98511194 | AJ22: =+IF(M22*$Y$2>1,1,M22*$Y$2) -> 0.3996 | AK22: =+IF(N22*$Y$2>1,1,N22*$Y$2) -> 0.3996 | AL22: =+IF(O22*$Y$2>1,1,O22*$Y$2) -> 0.56495991 | AM22: =+IF(P22*$Y$2>1,1,P22*$Y$2) -> 0.76261611 | AN22: =+IF(Q22*$Y$2>1,1,Q22*$Y$2) -> 0.84282115 | AO22: =+IF(R22*$Y$2>1,1,R22*$Y$2) -> 0.91301725 | AP22: =+IF(S22*$Y$2>1,1,S22*$Y$2) -> 0.96947509 | ... AS22: =+IF(V22*$Y$2>1,1,V22*$Y$2) -> 0.98412683
A23: 1M | B23: 30 | C23: =+IF(C$12<>$A23,99.9%,1)*MAX(EXP(-$B$2*(ABS(C$13-$B23)/MIN(C$13,$B23))),40%) -> 0.4 | D23: =+IF(D$12<>$A23,99.9%,1)*MAX(EXP(-$B$2*(ABS(D$13-$B23)/MIN(D$13,$B23))),40%) -> 0.4 | E23: =+IF(E$12<>$A23,99.9%,1)*MAX(EXP(-$B$2*(ABS(E$13-$B23)/MIN(E$13,$B23))),40%) -> 0.41895155 | F23: =+IF(F$12<>$A23,99.9%,1)*MAX(EXP(-$B$2*(ABS(F$13-$B23)/MIN(F$13,$B23))),40%) -> 0.65704682 | G23: =+IF(G$12<>$A23,99.9%,1)*MAX(EXP(-$B$2*(ABS(G$13-$B23)/MIN(G$13,$B23))),40%) -> 0.76337949 | H23: =+IF(H$12<>$A23,99.9%,1)*MAX(EXP(-$B$2*(ABS(H$13-$B23)/MIN(H$13,$B23))),40%) -> 0.86070798 | I23: =+IF(I$12<>$A23,99.9%,1)*MAX(EXP(-$B$2*(ABS(I$13-$B23)/MIN(I$13,$B23))),40%) -> 0.94176453 | J23: =+IF(J$12<>$A23,99.9%,1)*MAX(EXP(-$B$2*(ABS(J$13-$B23)/MIN(J$13,$B23))),40%) -> 0.97044553 | ... V23: =+IF(V$12<>$A23,99.9%,1)*MAX(EXP(-$B$2*(ABS(V$13-$B23)/MIN(V$13,$B23))),40%) -> 0.999 | X23: 1M | Y23: 30 | Z23: =+IF(C23*$Y$2>1,1,C23*$Y$2) -> 0.4 | AA23: =+IF(D23*$Y$2>1,1,D23*$Y$2) -> 0.4 | AB23: =+IF(E23*$Y$2>1,1,E23*$Y$2) -> 0.41895155 | AC23: =+IF(F23*$Y$2>1,1,F23*$Y$2) -> 0.65704682 | AD23: =+IF(G23*$Y$2>1,1,G23*$Y$2) -> 0.76337949 | AE23: =+IF(H23*$Y$2>1,1,H23*$Y$2) -> 0.86070798 | AF23: =+IF(I23*$Y$2>1,1,I23*$Y$2) -> 0.94176453 | AG23: =+IF(J23*$Y$2>1,1,J23*$Y$2) -> 0.97044553 | AH23: =+IF(K23*$Y$2>1,1,K23*$Y$2) -> 0.98511194 | AI23: 1 | AJ23: =+IF(M23*$Y$2>1,1,M23*$Y$2) -> 0.3996 | AK23: =+IF(N23*$Y$2>1,1,N23*$Y$2) -> 0.3996 | AL23: =+IF(O23*$Y$2>1,1,O23*$Y$2) -> 0.4185326 | AM23: =+IF(P23*$Y$2>1,1,P23*$Y$2) -> 0.65638977 | AN23: =+IF(Q23*$Y$2>1,1,Q23*$Y$2) -> 0.76261611 | AO23: =+IF(R23*$Y$2>1,1,R23*$Y$2) -> 0.85984727 | AP23: =+IF(S23*$Y$2>1,1,S23*$Y$2) -> 0.94082277 | AQ23: =+IF(T23*$Y$2>1,1,T23*$Y$2) -> 0.96947509 | ... AS23: =+IF(V23*$Y$2>1,1,V23*$Y$2) -> 0.999
A24: 3M | B24: 0.25 | C24: =+IF(C$12<>$A24,99.9%,1)*MAX(EXP(-$B$2*(ABS(C$13-$B24)/MIN(C$13,$B24))),40%) -> 0.999 | D24: =+IF(D$12<>$A24,99.9%,1)*MAX(EXP(-$B$2*(ABS(D$13-$B24)/MIN(D$13,$B24))),40%) -> 0.96947509 | E24: =+IF(E$12<>$A24,99.9%,1)*MAX(EXP(-$B$2*(ABS(E$13-$B24)/MIN(E$13,$B24))),40%) -> 0.91301725 | F24: =+IF(F$12<>$A24,99.9%,1)*MAX(EXP(-$B$2*(ABS(F$13-$B24)/MIN(F$13,$B24))),40%) -> 0.80977366 | G24: =+IF(G$12<>$A24,99.9%,1)*MAX(EXP(-$B$2*(ABS(G$13-$B24)/MIN(G$13,$B24))),40%) -> 0.71820481 | H24: =+IF(H$12<>$A24,99.9%,1)*MAX(EXP(-$B$2*(ABS(H$13-$B24)/MIN(H$13,$B24))),40%) -> 0.56495991 | I24: =+IF(I$12<>$A24,99.9%,1)*MAX(EXP(-$B$2*(ABS(I$13-$B24)/MIN(I$13,$B24))),40%) -> 0.3996 | J24: =+IF(J$12<>$A24,99.9%,1)*MAX(EXP(-$B$2*(ABS(J$13-$B24)/MIN(J$13,$B24))),40%) -> 0.3996 | ... V24: =+IF(V$12<>$A24,99.9%,1)*MAX(EXP(-$B$2*(ABS(V$13-$B24)/MIN(V$13,$B24))),40%) -> 0.4 | X24: 3M | Y24: 0.25 | Z24: =+IF(C24*$Y$2>1,1,C24*$Y$2) -> 0.999 | AA24: =+IF(D24*$Y$2>1,1,D24*$Y$2) -> 0.96947509 | AB24: =+IF(E24*$Y$2>1,1,E24*$Y$2) -> 0.91301725 | AC24: =+IF(F24*$Y$2>1,1,F24*$Y$2) -> 0.80977366 | AD24: =+IF(G24*$Y$2>1,1,G24*$Y$2) -> 0.71820481 | AE24: =+IF(H24*$Y$2>1,1,H24*$Y$2) -> 0.56495991 | AF24: =+IF(I24*$Y$2>1,1,I24*$Y$2) -> 0.3996 | AG24: =+IF(J24*$Y$2>1,1,J24*$Y$2) -> 0.3996 | ... AI24: =+IF(L24*$Y$2>1,1,L24*$Y$2) -> 0.3996 | AJ24: 1 | AK24: =+IF(N24*$Y$2>1,1,N24*$Y$2) -> 0.97044553 | AL24: =+IF(O24*$Y$2>1,1,O24*$Y$2) -> 0.91393119 | AM24: =+IF(P24*$Y$2>1,1,P24*$Y$2) -> 0.81058425 | AN24: =+IF(Q24*$Y$2>1,1,Q24*$Y$2) -> 0.71892373 | AO24: =+IF(R24*$Y$2>1,1,R24*$Y$2) -> 0.56552544 | AP24: =+IF(S24*$Y$2>1,1,S24*$Y$2) -> 0.4 | AQ24: =+IF(T24*$Y$2>1,1,T24*$Y$2) -> 0.4 | AR24: =+IF(U24*$Y$2>1,1,U24*$Y$2) -> 0.4 | AS24: =+IF(V24*$Y$2>1,1,V24*$Y$2) -> 0.4
A25: 3M | B25: 0.5 | C25: =+IF(C$12<>$A25,99.9%,1)*MAX(EXP(-$B$2*(ABS(C$13-$B25)/MIN(C$13,$B25))),40%) -> 0.96947509 | D25: =+IF(D$12<>$A25,99.9%,1)*MAX(EXP(-$B$2*(ABS(D$13-$B25)/MIN(D$13,$B25))),40%) -> 0.999 | E25: =+IF(E$12<>$A25,99.9%,1)*MAX(EXP(-$B$2*(ABS(E$13-$B25)/MIN(E$13,$B25))),40%) -> 0.96947509 | F25: =+IF(F$12<>$A25,99.9%,1)*MAX(EXP(-$B$2*(ABS(F$13-$B25)/MIN(F$13,$B25))),40%) -> 0.91301725 | G25: =+IF(G$12<>$A25,99.9%,1)*MAX(EXP(-$B$2*(ABS(G$13-$B25)/MIN(G$13,$B25))),40%) -> 0.85984727 | H25: =+IF(H$12<>$A25,99.9%,1)*MAX(EXP(-$B$2*(ABS(H$13-$B25)/MIN(H$13,$B25))),40%) -> 0.76261611 | I25: =+IF(I$12<>$A25,99.9%,1)*MAX(EXP(-$B$2*(ABS(I$13-$B25)/MIN(I$13,$B25))),40%) -> 0.56495991 | J25: =+IF(J$12<>$A25,99.9%,1)*MAX(EXP(-$B$2*(ABS(J$13-$B25)/MIN(J$13,$B25))),40%) -> 0.4185326 | ... V25: =+IF(V$12<>$A25,99.9%,1)*MAX(EXP(-$B$2*(ABS(V$13-$B25)/MIN(V$13,$B25))),40%) -> 0.4 | X25: 3M | Y25: 0.5 | Z25: =+IF(C25*$Y$2>1,1,C25*$Y$2) -> 0.96947509 | AA25: =+IF(D25*$Y$2>1,1,D25*$Y$2) -> 0.999 | AB25: =+IF(E25*$Y$2>1,1,E25*$Y$2) -> 0.96947509 | AC25: =+IF(F25*$Y$2>1,1,F25*$Y$2) -> 0.91301725 | AD25: =+IF(G25*$Y$2>1,1,G25*$Y$2) -> 0.85984727 | AE25: =+IF(H25*$Y$2>1,1,H25*$Y$2) -> 0.76261611 | AF25: =+IF(I25*$Y$2>1,1,I25*$Y$2) -> 0.56495991 | AG25: =+IF(J25*$Y$2>1,1,J25*$Y$2) -> 0.4185326 | ... AJ25: =+IF(M25*$Y$2>1,1,M25*$Y$2) -> 0.97044553 | AK25: 1 | AL25: =+IF(O25*$Y$2>1,1,O25*$Y$2) -> 0.97044553 | AM25: =+IF(P25*$Y$2>1,1,P25*$Y$2) -> 0.91393119 | AN25: =+IF(Q25*$Y$2>1,1,Q25*$Y$2) -> 0.86070798 | AO25: =+IF(R25*$Y$2>1,1,R25*$Y$2) -> 0.76337949 | AP25: =+IF(S25*$Y$2>1,1,S25*$Y$2) -> 0.56552544 | AQ25: =+IF(T25*$Y$2>1,1,T25*$Y$2) -> 0.41895155 | AR25: =+IF(U25*$Y$2>1,1,U25*$Y$2) -> 0.4 | AS25: =+IF(V25*$Y$2>1,1,V25*$Y$2) -> 0.4
A26: 3M | B26: 1 | C26: =+IF(C$12<>$A26,99.9%,1)*MAX(EXP(-$B$2*(ABS(C$13-$B26)/MIN(C$13,$B26))),40%) -> 0.91301725 | D26: =+IF(D$12<>$A26,99.9%,1)*MAX(EXP(-$B$2*(ABS(D$13-$B26)/MIN(D$13,$B26))),40%) -> 0.96947509 | E26: =+IF(E$12<>$A26,99.9%,1)*MAX(EXP(-$B$2*(ABS(E$13-$B26)/MIN(E$13,$B26))),40%) -> 0.999 | F26: =+IF(F$12<>$A26,99.9%,1)*MAX(EXP(-$B$2*(ABS(F$13-$B26)/MIN(F$13,$B26))),40%) -> 0.96947509 | G26: =+IF(G$12<>$A26,99.9%,1)*MAX(EXP(-$B$2*(ABS(G$13-$B26)/MIN(G$13,$B26))),40%) -> 0.94082277 | H26: =+IF(H$12<>$A26,99.9%,1)*MAX(EXP(-$B$2*(ABS(H$13-$B26)/MIN(H$13,$B26))),40%) -> 0.88603352 | I26: =+IF(I$12<>$A26,99.9%,1)*MAX(EXP(-$B$2*(ABS(I$13-$B26)/MIN(I$13,$B26))),40%) -> 0.76261611 | J26: =+IF(J$12<>$A26,99.9%,1)*MAX(EXP(-$B$2*(ABS(J$13-$B26)/MIN(J$13,$B26))),40%) -> 0.65638977 | ... V26: =+IF(V$12<>$A26,99.9%,1)*MAX(EXP(-$B$2*(ABS(V$13-$B26)/MIN(V$13,$B26))),40%) -> 0.41895155 | X26: 3M | Y26: 1 | Z26: =+IF(C26*$Y$2>1,1,C26*$Y$2) -> 0.91301725 | AA26: =+IF(D26*$Y$2>1,1,D26*$Y$2) -> 0.96947509 | AB26: =+IF(E26*$Y$2>1,1,E26*$Y$2) -> 0.999 | AC26: =+IF(F26*$Y$2>1,1,F26*$Y$2) -> 0.96947509 | AD26: =+IF(G26*$Y$2>1,1,G26*$Y$2) -> 0.94082277 | AE26: =+IF(H26*$Y$2>1,1,H26*$Y$2) -> 0.88603352 | AF26: =+IF(I26*$Y$2>1,1,I26*$Y$2) -> 0.76261611 | AG26: =+IF(J26*$Y$2>1,1,J26*$Y$2) -> 0.65638977 | ... AK26: =+IF(N26*$Y$2>1,1,N26*$Y$2) -> 0.97044553 | AL26: 1 | AM26: =+IF(P26*$Y$2>1,1,P26*$Y$2) -> 0.97044553 | AN26: =+IF(Q26*$Y$2>1,1,Q26*$Y$2) -> 0.94176453 | AO26: =+IF(R26*$Y$2>1,1,R26*$Y$2) -> 0.88692044 | AP26: =+IF(S26*$Y$2>1,1,S26*$Y$2) -> 0.76337949 | AQ26: =+IF(T26*$Y$2>1,1,T26*$Y$2) -> 0.65704682 | AR26: =+IF(U26*$Y$2>1,1,U26*$Y$2) -> 0.56552544 | AS26: =+IF(V26*$Y$2>1,1,V26*$Y$2) -> 0.41895155
A27: 3M | B27: 2 | C27: =+IF(C$12<>$A27,99.9%,1)*MAX(EXP(-$B$2*(ABS(C$13-$B27)/MIN(C$13,$B27))),40%) -> 0.80977366 | D27: =+IF(D$12<>$A27,99.9%,1)*MAX(EXP(-$B$2*(ABS(D$13-$B27)/MIN(D$13,$B27))),40%) -> 0.91301725 | E27: =+IF(E$12<>$A27,99.9%,1)*MAX(EXP(-$B$2*(ABS(E$13-$B27)/MIN(E$13,$B27))),40%) -> 0.96947509 | F27: =+IF(F$12<>$A27,99.9%,1)*MAX(EXP(-$B$2*(ABS(F$13-$B27)/MIN(F$13,$B27))),40%) -> 0.999 | G27: =+IF(G$12<>$A27,99.9%,1)*MAX(EXP(-$B$2*(ABS(G$13-$B27)/MIN(G$13,$B27))),40%) -> 0.98412683 | H27: =+IF(H$12<>$A27,99.9%,1)*MAX(EXP(-$B$2*(ABS(H$13-$B27)/MIN(H$13,$B27))),40%) -> 0.95504148 | I27: =+IF(I$12<>$A27,99.9%,1)*MAX(EXP(-$B$2*(ABS(I$13-$B27)/MIN(I$13,$B27))),40%) -> 0.88603352 | J27: =+IF(J$12<>$A27,99.9%,1)*MAX(EXP(-$B$2*(ABS(J$13-$B27)/MIN(J$13,$B27))),40%) -> 0.82201182 | ... V27: =+IF(V$12<>$A27,99.9%,1)*MAX(EXP(-$B$2*(ABS(V$13-$B27)/MIN(V$13,$B27))),40%) -> 0.65704682 | X27: 3M | Y27: 2 | Z27: =+IF(C27*$Y$2>1,1,C27*$Y$2) -> 0.80977366 | AA27: =+IF(D27*$Y$2>1,1,D27*$Y$2) -> 0.91301725 | AB27: =+IF(E27*$Y$2>1,1,E27*$Y$2) -> 0.96947509 | AC27: =+IF(F27*$Y$2>1,1,F27*$Y$2) -> 0.999 | AD27: =+IF(G27*$Y$2>1,1,G27*$Y$2) -> 0.98412683 | AE27: =+IF(H27*$Y$2>1,1,H27*$Y$2) -> 0.95504148 | AF27: =+IF(I27*$Y$2>1,1,I27*$Y$2) -> 0.88603352 | AG27: =+IF(J27*$Y$2>1,1,J27*$Y$2) -> 0.82201182 | ... AL27: =+IF(O27*$Y$2>1,1,O27*$Y$2) -> 0.97044553 | AM27: 1 | AN27: =+IF(Q27*$Y$2>1,1,Q27*$Y$2) -> 0.98511194 | AO27: =+IF(R27*$Y$2>1,1,R27*$Y$2) -> 0.95599748 | AP27: =+IF(S27*$Y$2>1,1,S27*$Y$2) -> 0.88692044 | AQ27: =+IF(T27*$Y$2>1,1,T27*$Y$2) -> 0.82283466 | AR27: =+IF(U27*$Y$2>1,1,U27*$Y$2) -> 0.76337949 | AS27: =+IF(V27*$Y$2>1,1,V27*$Y$2) -> 0.65704682
A28: 3M | B28: 3 | C28: =+IF(C$12<>$A28,99.9%,1)*MAX(EXP(-$B$2*(ABS(C$13-$B28)/MIN(C$13,$B28))),40%) -> 0.71820481 | D28: =+IF(D$12<>$A28,99.9%,1)*MAX(EXP(-$B$2*(ABS(D$13-$B28)/MIN(D$13,$B28))),40%) -> 0.85984727 | E28: =+IF(E$12<>$A28,99.9%,1)*MAX(EXP(-$B$2*(ABS(E$13-$B28)/MIN(E$13,$B28))),40%) -> 0.94082277 | F28: =+IF(F$12<>$A28,99.9%,1)*MAX(EXP(-$B$2*(ABS(F$13-$B28)/MIN(F$13,$B28))),40%) -> 0.98412683 | G28: =+IF(G$12<>$A28,99.9%,1)*MAX(EXP(-$B$2*(ABS(G$13-$B28)/MIN(G$13,$B28))),40%) -> 0.999 | H28: =+IF(H$12<>$A28,99.9%,1)*MAX(EXP(-$B$2*(ABS(H$13-$B28)/MIN(H$13,$B28))),40%) -> 0.97921847 | I28: =+IF(I$12<>$A28,99.9%,1)*MAX(EXP(-$B$2*(ABS(I$13-$B28)/MIN(I$13,$B28))),40%) -> 0.93146143 | J28: =+IF(J$12<>$A28,99.9%,1)*MAX(EXP(-$B$2*(ABS(J$13-$B28)/MIN(J$13,$B28))),40%) -> 0.88603352 | ... V28: =+IF(V$12<>$A28,99.9%,1)*MAX(EXP(-$B$2*(ABS(V$13-$B28)/MIN(V$13,$B28))),40%) -> 0.76337949 | X28: 3M | Y28: 3 | Z28: =+IF(C28*$Y$2>1,1,C28*$Y$2) -> 0.71820481 | AA28: =+IF(D28*$Y$2>1,1,D28*$Y$2) -> 0.85984727 | AB28: =+IF(E28*$Y$2>1,1,E28*$Y$2) -> 0.94082277 | AC28: =+IF(F28*$Y$2>1,1,F28*$Y$2) -> 0.98412683 | AD28: =+IF(G28*$Y$2>1,1,G28*$Y$2) -> 0.999 | AE28: =+IF(H28*$Y$2>1,1,H28*$Y$2) -> 0.97921847 | AF28: =+IF(I28*$Y$2>1,1,I28*$Y$2) -> 0.93146143 | AG28: =+IF(J28*$Y$2>1,1,J28*$Y$2) -> 0.88603352 | ... AM28: =+IF(P28*$Y$2>1,1,P28*$Y$2) -> 0.98511194 | AN28: 1 | AO28: =+IF(R28*$Y$2>1,1,R28*$Y$2) -> 0.98019867 | AP28: =+IF(S28*$Y$2>1,1,S28*$Y$2) -> 0.93239382 | AQ28: =+IF(T28*$Y$2>1,1,T28*$Y$2) -> 0.88692044 | AR28: =+IF(U28*$Y$2>1,1,U28*$Y$2) -> 0.84366482 | AS28: =+IF(V28*$Y$2>1,1,V28*$Y$2) -> 0.76337949
A29: 3M | B29: 5 | C29: =+IF(C$12<>$A29,99.9%,1)*MAX(EXP(-$B$2*(ABS(C$13-$B29)/MIN(C$13,$B29))),40%) -> 0.56495991 | D29: =+IF(D$12<>$A29,99.9%,1)*MAX(EXP(-$B$2*(ABS(D$13-$B29)/MIN(D$13,$B29))),40%) -> 0.76261611 | E29: =+IF(E$12<>$A29,99.9%,1)*MAX(EXP(-$B$2*(ABS(E$13-$B29)/MIN(E$13,$B29))),40%) -> 0.88603352 | F29: =+IF(F$12<>$A29,99.9%,1)*MAX(EXP(-$B$2*(ABS(F$13-$B29)/MIN(F$13,$B29))),40%) -> 0.95504148 | G29: =+IF(G$12<>$A29,99.9%,1)*MAX(EXP(-$B$2*(ABS(G$13-$B29)/MIN(G$13,$B29))),40%) -> 0.97921847 | H29: =+IF(H$12<>$A29,99.9%,1)*MAX(EXP(-$B$2*(ABS(H$13-$B29)/MIN(H$13,$B29))),40%) -> 0.999 | I29: =+IF(I$12<>$A29,99.9%,1)*MAX(EXP(-$B$2*(ABS(I$13-$B29)/MIN(I$13,$B29))),40%) -> 0.96947509 | J29: =+IF(J$12<>$A29,99.9%,1)*MAX(EXP(-$B$2*(ABS(J$13-$B29)/MIN(J$13,$B29))),40%) -> 0.94082277 | ... V29: =+IF(V$12<>$A29,99.9%,1)*MAX(EXP(-$B$2*(ABS(V$13-$B29)/MIN(V$13,$B29))),40%) -> 0.86070798 | X29: 3M | Y29: 5 | Z29: =+IF(C29*$Y$2>1,1,C29*$Y$2) -> 0.56495991 | AA29: =+IF(D29*$Y$2>1,1,D29*$Y$2) -> 0.76261611 | AB29: =+IF(E29*$Y$2>1,1,E29*$Y$2) -> 0.88603352 | AC29: =+IF(F29*$Y$2>1,1,F29*$Y$2) -> 0.95504148 | AD29: =+IF(G29*$Y$2>1,1,G29*$Y$2) -> 0.97921847 | AE29: =+IF(H29*$Y$2>1,1,H29*$Y$2) -> 0.999 | AF29: =+IF(I29*$Y$2>1,1,I29*$Y$2) -> 0.96947509 | AG29: =+IF(J29*$Y$2>1,1,J29*$Y$2) -> 0.94082277 | ... AN29: =+IF(Q29*$Y$2>1,1,Q29*$Y$2) -> 0.98019867 | AO29: 1 | AP29: =+IF(S29*$Y$2>1,1,S29*$Y$2) -> 0.97044553 | AQ29: =+IF(T29*$Y$2>1,1,T29*$Y$2) -> 0.94176453 | AR29: =+IF(U29*$Y$2>1,1,U29*$Y$2) -> 0.91393119 | AS29: =+IF(V29*$Y$2>1,1,V29*$Y$2) -> 0.86070798
A30: 3M | B30: 10 | C30: =+IF(C$12<>$A30,99.9%,1)*MAX(EXP(-$B$2*(ABS(C$13-$B30)/MIN(C$13,$B30))),40%) -> 0.3996 | D30: =+IF(D$12<>$A30,99.9%,1)*MAX(EXP(-$B$2*(ABS(D$13-$B30)/MIN(D$13,$B30))),40%) -> 0.56495991 | E30: =+IF(E$12<>$A30,99.9%,1)*MAX(EXP(-$B$2*(ABS(E$13-$B30)/MIN(E$13,$B30))),40%) -> 0.76261611 | F30: =+IF(F$12<>$A30,99.9%,1)*MAX(EXP(-$B$2*(ABS(F$13-$B30)/MIN(F$13,$B30))),40%) -> 0.88603352 | G30: =+IF(G$12<>$A30,99.9%,1)*MAX(EXP(-$B$2*(ABS(G$13-$B30)/MIN(G$13,$B30))),40%) -> 0.93146143 | H30: =+IF(H$12<>$A30,99.9%,1)*MAX(EXP(-$B$2*(ABS(H$13-$B30)/MIN(H$13,$B30))),40%) -> 0.96947509 | I30: =+IF(I$12<>$A30,99.9%,1)*MAX(EXP(-$B$2*(ABS(I$13-$B30)/MIN(I$13,$B30))),40%) -> 0.999 | J30: =+IF(J$12<>$A30,99.9%,1)*MAX(EXP(-$B$2*(ABS(J$13-$B30)/MIN(J$13,$B30))),40%) -> 0.98412683 | ... V30: =+IF(V$12<>$A30,99.9%,1)*MAX(EXP(-$B$2*(ABS(V$13-$B30)/MIN(V$13,$B30))),40%) -> 0.94176453 | X30: 3M | Y30: 10 | Z30: =+IF(C30*$Y$2>1,1,C30*$Y$2) -> 0.3996 | AA30: =+IF(D30*$Y$2>1,1,D30*$Y$2) -> 0.56495991 | AB30: =+IF(E30*$Y$2>1,1,E30*$Y$2) -> 0.76261611 | AC30: =+IF(F30*$Y$2>1,1,F30*$Y$2) -> 0.88603352 | AD30: =+IF(G30*$Y$2>1,1,G30*$Y$2) -> 0.93146143 | AE30: =+IF(H30*$Y$2>1,1,H30*$Y$2) -> 0.96947509 | AF30: =+IF(I30*$Y$2>1,1,I30*$Y$2) -> 0.999 | AG30: =+IF(J30*$Y$2>1,1,J30*$Y$2) -> 0.98412683 | ... AO30: =+IF(R30*$Y$2>1,1,R30*$Y$2) -> 0.97044553 | AP30: 1 | AQ30: =+IF(T30*$Y$2>1,1,T30*$Y$2) -> 0.98511194 | AR30: =+IF(U30*$Y$2>1,1,U30*$Y$2) -> 0.97044553 | AS30: =+IF(V30*$Y$2>1,1,V30*$Y$2) -> 0.94176453
A31: 3M | B31: 15 | C31: =+IF(C$12<>$A31,99.9%,1)*MAX(EXP(-$B$2*(ABS(C$13-$B31)/MIN(C$13,$B31))),40%) -> 0.3996 | D31: =+IF(D$12<>$A31,99.9%,1)*MAX(EXP(-$B$2*(ABS(D$13-$B31)/MIN(D$13,$B31))),40%) -> 0.4185326 | E31: =+IF(E$12<>$A31,99.9%,1)*MAX(EXP(-$B$2*(ABS(E$13-$B31)/MIN(E$13,$B31))),40%) -> 0.65638977 | F31: =+IF(F$12<>$A31,99.9%,1)*MAX(EXP(-$B$2*(ABS(F$13-$B31)/MIN(F$13,$B31))),40%) -> 0.82201182 | G31: =+IF(G$12<>$A31,99.9%,1)*MAX(EXP(-$B$2*(ABS(G$13-$B31)/MIN(G$13,$B31))),40%) -> 0.88603352 | H31: =+IF(H$12<>$A31,99.9%,1)*MAX(EXP(-$B$2*(ABS(H$13-$B31)/MIN(H$13,$B31))),40%) -> 0.94082277 | I31: =+IF(I$12<>$A31,99.9%,1)*MAX(EXP(-$B$2*(ABS(I$13-$B31)/MIN(I$13,$B31))),40%) -> 0.98412683 | J31: =+IF(J$12<>$A31,99.9%,1)*MAX(EXP(-$B$2*(ABS(J$13-$B31)/MIN(J$13,$B31))),40%) -> 0.999 | ... V31: =+IF(V$12<>$A31,99.9%,1)*MAX(EXP(-$B$2*(ABS(V$13-$B31)/MIN(V$13,$B31))),40%) -> 0.97044553 | X31: 3M | Y31: 15 | Z31: =+IF(C31*$Y$2>1,1,C31*$Y$2) -> 0.3996 | AA31: =+IF(D31*$Y$2>1,1,D31*$Y$2) -> 0.4185326 | AB31: =+IF(E31*$Y$2>1,1,E31*$Y$2) -> 0.65638977 | AC31: =+IF(F31*$Y$2>1,1,F31*$Y$2) -> 0.82201182 | AD31: =+IF(G31*$Y$2>1,1,G31*$Y$2) -> 0.88603352 | AE31: =+IF(H31*$Y$2>1,1,H31*$Y$2) -> 0.94082277 | AF31: =+IF(I31*$Y$2>1,1,I31*$Y$2) -> 0.98412683 | AG31: =+IF(J31*$Y$2>1,1,J31*$Y$2) -> 0.999 | ... AP31: =+IF(S31*$Y$2>1,1,S31*$Y$2) -> 0.98511194 | AQ31: 1 | AR31: =+IF(U31*$Y$2>1,1,U31*$Y$2) -> 0.99004983 | AS31: =+IF(V31*$Y$2>1,1,V31*$Y$2) -> 0.97044553
A32: 3M | B32: 20 | C32: =+IF(C$12<>$A32,99.9%,1)*MAX(EXP(-$B$2*(ABS(C$13-$B32)/MIN(C$13,$B32))),40%) -> 0.3996 | D32: =+IF(D$12<>$A32,99.9%,1)*MAX(EXP(-$B$2*(ABS(D$13-$B32)/MIN(D$13,$B32))),40%) -> 0.3996 | E32: =+IF(E$12<>$A32,99.9%,1)*MAX(EXP(-$B$2*(ABS(E$13-$B32)/MIN(E$13,$B32))),40%) -> 0.56495991 | F32: =+IF(F$12<>$A32,99.9%,1)*MAX(EXP(-$B$2*(ABS(F$13-$B32)/MIN(F$13,$B32))),40%) -> 0.76261611 | G32: =+IF(G$12<>$A32,99.9%,1)*MAX(EXP(-$B$2*(ABS(G$13-$B32)/MIN(G$13,$B32))),40%) -> 0.84282115 | H32: =+IF(H$12<>$A32,99.9%,1)*MAX(EXP(-$B$2*(ABS(H$13-$B32)/MIN(H$13,$B32))),40%) -> 0.91301725 | I32: =+IF(I$12<>$A32,99.9%,1)*MAX(EXP(-$B$2*(ABS(I$13-$B32)/MIN(I$13,$B32))),40%) -> 0.96947509 | J32: =+IF(J$12<>$A32,99.9%,1)*MAX(EXP(-$B$2*(ABS(J$13-$B32)/MIN(J$13,$B32))),40%) -> 0.98905978 | ... V32: =+IF(V$12<>$A32,99.9%,1)*MAX(EXP(-$B$2*(ABS(V$13-$B32)/MIN(V$13,$B32))),40%) -> 0.98511194 | X32: 3M | Y32: 20 | Z32: =+IF(C32*$Y$2>1,1,C32*$Y$2) -> 0.3996 | AA32: =+IF(D32*$Y$2>1,1,D32*$Y$2) -> 0.3996 | AB32: =+IF(E32*$Y$2>1,1,E32*$Y$2) -> 0.56495991 | AC32: =+IF(F32*$Y$2>1,1,F32*$Y$2) -> 0.76261611 | AD32: =+IF(G32*$Y$2>1,1,G32*$Y$2) -> 0.84282115 | AE32: =+IF(H32*$Y$2>1,1,H32*$Y$2) -> 0.91301725 | AF32: =+IF(I32*$Y$2>1,1,I32*$Y$2) -> 0.96947509 | AG32: =+IF(J32*$Y$2>1,1,J32*$Y$2) -> 0.98905978 | ... AQ32: =+IF(T32*$Y$2>1,1,T32*$Y$2) -> 0.99004983 | AR32: 1 | AS32: =+IF(V32*$Y$2>1,1,V32*$Y$2) -> 0.98511194
A33: 3M | B33: 30 | C33: =+IF(C$12<>$A33,99.9%,1)*MAX(EXP(-$B$2*(ABS(C$13-$B33)/MIN(C$13,$B33))),40%) -> 0.3996 | D33: =+IF(D$12<>$A33,99.9%,1)*MAX(EXP(-$B$2*(ABS(D$13-$B33)/MIN(D$13,$B33))),40%) -> 0.3996 | E33: =+IF(E$12<>$A33,99.9%,1)*MAX(EXP(-$B$2*(ABS(E$13-$B33)/MIN(E$13,$B33))),40%) -> 0.4185326 | F33: =+IF(F$12<>$A33,99.9%,1)*MAX(EXP(-$B$2*(ABS(F$13-$B33)/MIN(F$13,$B33))),40%) -> 0.65638977 | G33: =+IF(G$12<>$A33,99.9%,1)*MAX(EXP(-$B$2*(ABS(G$13-$B33)/MIN(G$13,$B33))),40%) -> 0.76261611 | H33: =+IF(H$12<>$A33,99.9%,1)*MAX(EXP(-$B$2*(ABS(H$13-$B33)/MIN(H$13,$B33))),40%) -> 0.85984727 | I33: =+IF(I$12<>$A33,99.9%,1)*MAX(EXP(-$B$2*(ABS(I$13-$B33)/MIN(I$13,$B33))),40%) -> 0.94082277 | J33: =+IF(J$12<>$A33,99.9%,1)*MAX(EXP(-$B$2*(ABS(J$13-$B33)/MIN(J$13,$B33))),40%) -> 0.96947509 | ... V33: =+IF(V$12<>$A33,99.9%,1)*MAX(EXP(-$B$2*(ABS(V$13-$B33)/MIN(V$13,$B33))),40%) -> 1 | X33: 3M | Y33: 30 | Z33: =+IF(C33*$Y$2>1,1,C33*$Y$2) -> 0.3996 | AA33: =+IF(D33*$Y$2>1,1,D33*$Y$2) -> 0.3996 | AB33: =+IF(E33*$Y$2>1,1,E33*$Y$2) -> 0.4185326 | AC33: =+IF(F33*$Y$2>1,1,F33*$Y$2) -> 0.65638977 | AD33: =+IF(G33*$Y$2>1,1,G33*$Y$2) -> 0.76261611 | AE33: =+IF(H33*$Y$2>1,1,H33*$Y$2) -> 0.85984727 | AF33: =+IF(I33*$Y$2>1,1,I33*$Y$2) -> 0.94082277 | AG33: =+IF(J33*$Y$2>1,1,J33*$Y$2) -> 0.96947509 | ... AR33: =+IF(U33*$Y$2>1,1,U33*$Y$2) -> 0.98511194 | AS33: 1
A35: Ejemplo inflacion y curvas de tipos | X35: Ejemplo inflacion y curvas de tipos
X36: Matriz estresada correlaciones
B37: Curva | C37: {=+TRANSPOSE(A39:A58)} -> 1M | D37: 1M | E37: 1M | F37: 1M | G37: 1M | H37: 1M | I37: 1M | J37: 1M | K37: 1M | L37: 1M | M37: Inflacion | N37: Inflacion | O37: Inflacion | P37: Inflacion | Q37: Inflacion | R37: Inflacion | S37: Inflacion | T37: Inflacion | U37: Inflacion | V37: Inflacion | Y37: Curva | Z37: {=+TRANSPOSE(X39:X58)} -> 1M | AA37: 1M | AB37: 1M | AC37: 1M | AD37: 1M | AE37: 1M | AF37: 1M | AG37: 1M | AH37: 1M | AI37: 1M | AJ37: Inflacion | AK37: Inflacion | AL37: Inflacion | AM37: Inflacion | AN37: Inflacion | AO37: Inflacion | AP37: Inflacion | AQ37: Inflacion | AR37: Inflacion | AS37: Inflacion
A38: Curva | B38: Tenor | C38: {=+TRANSPOSE(B39:B58)} -> 0.25 | D38: 0.5 | E38: 1 | F38: 2 | G38: 3 | H38: 5 | I38: 10 | J38: 15 | K38: 20 | L38: 30 | M38: 0.25 | N38: 0.5 | O38: 1 | P38: 2 | Q38: 3 | R38: 5 | S38: 10 | T38: 15 | U38: 20 | V38: 30 | X38: Curva | Y38: Tenor | Z38: {=+TRANSPOSE(Y39:Y58)} -> 0.25 | AA38: 0.5 | AB38: 1 | AC38: 2 | AD38: 3 | AE38: 5 | AF38: 10 | AG38: 15 | AH38: 20 | AI38: 30 | AJ38: 0.25 | AK38: 0.5 | AL38: 1 | AM38: 2 | AN38: 3 | AO38: 5 | AP38: 10 | AQ38: 15 | AR38: 20 | AS38: 30
A39: 1M | B39: 0.25 | C39: =+IF(C$12<>$A39,99.9%,1)*MAX(EXP(-$B$2*(ABS(C$38-$B39)/MIN(C$38,$B39))),40%) -> 1 | D39: =+IF(D$12<>$A39,99.9%,1)*MAX(EXP(-$B$2*(ABS(D$38-$B39)/MIN(D$38,$B39))),40%) -> 0.97044553 | E39: =+IF(E$12<>$A39,99.9%,1)*MAX(EXP(-$B$2*(ABS(E$38-$B39)/MIN(E$38,$B39))),40%) -> 0.91393119 | F39: =+IF(F$12<>$A39,99.9%,1)*MAX(EXP(-$B$2*(ABS(F$38-$B39)/MIN(F$38,$B39))),40%) -> 0.81058425 | G39: =+IF(G$12<>$A39,99.9%,1)*MAX(EXP(-$B$2*(ABS(G$38-$B39)/MIN(G$38,$B39))),40%) -> 0.71892373 | H39: =+IF(H$12<>$A39,99.9%,1)*MAX(EXP(-$B$2*(ABS(H$38-$B39)/MIN(H$38,$B39))),40%) -> 0.56552544 | I39: =+IF(I$12<>$A39,99.9%,1)*MAX(EXP(-$B$2*(ABS(I$38-$B39)/MIN(I$38,$B39))),40%) -> 0.4 | J39: =+IF(J$12<>$A39,99.9%,1)*MAX(EXP(-$B$2*(ABS(J$38-$B39)/MIN(J$38,$B39))),40%) -> 0.4 | ... L39: =+IF(L$12<>$A39,99.9%,1)*MAX(EXP(-$B$2*(ABS(L$38-$B39)/MIN(L$38,$B39))),40%) -> 0.4 | M39: 0.4 | N39: 0.4 | O39: 0.4 | P39: 0.4 | Q39: 0.4 | R39: 0.4 | S39: 0.4 | T39: 0.4 | U39: 0.4 | V39: 0.4 | X39: 1M | Y39: 0.25 | Z39: 1 | AA39: =+IF(D39*$Y$2>1,1,D39*$Y$2) -> 0.97044553 | AB39: =+IF(E39*$Y$2>1,1,E39*$Y$2) -> 0.91393119 | AC39: =+IF(F39*$Y$2>1,1,F39*$Y$2) -> 0.81058425 | AD39: =+IF(G39*$Y$2>1,1,G39*$Y$2) -> 0.71892373 | AE39: =+IF(H39*$Y$2>1,1,H39*$Y$2) -> 0.56552544 | AF39: =+IF(I39*$Y$2>1,1,I39*$Y$2) -> 0.4 | AG39: =+IF(J39*$Y$2>1,1,J39*$Y$2) -> 0.4 | AH39: =+IF(K39*$Y$2>1,1,K39*$Y$2) -> 0.4 | ... AS39: =+IF(V39*$Y$2>1,1,V39*$Y$2) -> 0.4
A40: 1M | B40: 0.5 | C40: =+IF(C$12<>$A40,99.9%,1)*MAX(EXP(-$B$2*(ABS(C$38-$B40)/MIN(C$38,$B40))),40%) -> 0.97044553 | D40: =+IF(D$12<>$A40,99.9%,1)*MAX(EXP(-$B$2*(ABS(D$38-$B40)/MIN(D$38,$B40))),40%) -> 1 | E40: =+IF(E$12<>$A40,99.9%,1)*MAX(EXP(-$B$2*(ABS(E$38-$B40)/MIN(E$38,$B40))),40%) -> 0.97044553 | F40: =+IF(F$12<>$A40,99.9%,1)*MAX(EXP(-$B$2*(ABS(F$38-$B40)/MIN(F$38,$B40))),40%) -> 0.91393119 | G40: =+IF(G$12<>$A40,99.9%,1)*MAX(EXP(-$B$2*(ABS(G$38-$B40)/MIN(G$38,$B40))),40%) -> 0.86070798 | H40: =+IF(H$12<>$A40,99.9%,1)*MAX(EXP(-$B$2*(ABS(H$38-$B40)/MIN(H$38,$B40))),40%) -> 0.76337949 | I40: =+IF(I$12<>$A40,99.9%,1)*MAX(EXP(-$B$2*(ABS(I$38-$B40)/MIN(I$38,$B40))),40%) -> 0.56552544 | J40: =+IF(J$12<>$A40,99.9%,1)*MAX(EXP(-$B$2*(ABS(J$38-$B40)/MIN(J$38,$B40))),40%) -> 0.41895155 | ... L40: =+IF(L$12<>$A40,99.9%,1)*MAX(EXP(-$B$2*(ABS(L$38-$B40)/MIN(L$38,$B40))),40%) -> 0.4 | M40: 0.4 | N40: 0.4 | O40: 0.4 | P40: 0.4 | Q40: 0.4 | R40: 0.4 | S40: 0.4 | T40: 0.4 | U40: 0.4 | V40: 0.4 | X40: 1M | Y40: 0.5 | Z40: =+IF(C40*$Y$2>1,1,C40*$Y$2) -> 0.97044553 | AA40: 1 | AB40: =+IF(E40*$Y$2>1,1,E40*$Y$2) -> 0.97044553 | AC40: =+IF(F40*$Y$2>1,1,F40*$Y$2) -> 0.91393119 | AD40: =+IF(G40*$Y$2>1,1,G40*$Y$2) -> 0.86070798 | AE40: =+IF(H40*$Y$2>1,1,H40*$Y$2) -> 0.76337949 | AF40: =+IF(I40*$Y$2>1,1,I40*$Y$2) -> 0.56552544 | AG40: =+IF(J40*$Y$2>1,1,J40*$Y$2) -> 0.41895155 | AH40: =+IF(K40*$Y$2>1,1,K40*$Y$2) -> 0.4 | AI40: =+IF(L40*$Y$2>1,1,L40*$Y$2) -> 0.4 | ... AS40: =+IF(V40*$Y$2>1,1,V40*$Y$2) -> 0.4
A41: 1M | B41: 1 | C41: =+IF(C$12<>$A41,99.9%,1)*MAX(EXP(-$B$2*(ABS(C$38-$B41)/MIN(C$38,$B41))),40%) -> 0.91393119 | D41: =+IF(D$12<>$A41,99.9%,1)*MAX(EXP(-$B$2*(ABS(D$38-$B41)/MIN(D$38,$B41))),40%) -> 0.97044553 | E41: =+IF(E$12<>$A41,99.9%,1)*MAX(EXP(-$B$2*(ABS(E$38-$B41)/MIN(E$38,$B41))),40%) -> 1 | F41: =+IF(F$12<>$A41,99.9%,1)*MAX(EXP(-$B$2*(ABS(F$38-$B41)/MIN(F$38,$B41))),40%) -> 0.97044553 | G41: =+IF(G$12<>$A41,99.9%,1)*MAX(EXP(-$B$2*(ABS(G$38-$B41)/MIN(G$38,$B41))),40%) -> 0.94176453 | H41: =+IF(H$12<>$A41,99.9%,1)*MAX(EXP(-$B$2*(ABS(H$38-$B41)/MIN(H$38,$B41))),40%) -> 0.88692044 | I41: =+IF(I$12<>$A41,99.9%,1)*MAX(EXP(-$B$2*(ABS(I$38-$B41)/MIN(I$38,$B41))),40%) -> 0.76337949 | J41: =+IF(J$12<>$A41,99.9%,1)*MAX(EXP(-$B$2*(ABS(J$38-$B41)/MIN(J$38,$B41))),40%) -> 0.65704682 | ... L41: =+IF(L$12<>$A41,99.9%,1)*MAX(EXP(-$B$2*(ABS(L$38-$B41)/MIN(L$38,$B41))),40%) -> 0.41895155 | M41: 0.4 | N41: 0.4 | O41: 0.4 | P41: 0.4 | Q41: 0.4 | R41: 0.4 | S41: 0.4 | T41: 0.4 | U41: 0.4 | V41: 0.4 | X41: 1M | Y41: 1 | Z41: =+IF(C41*$Y$2>1,1,C41*$Y$2) -> 0.91393119 | AA41: =+IF(D41*$Y$2>1,1,D41*$Y$2) -> 0.97044553 | AB41: 1 | AC41: =+IF(F41*$Y$2>1,1,F41*$Y$2) -> 0.97044553 | AD41: =+IF(G41*$Y$2>1,1,G41*$Y$2) -> 0.94176453 | AE41: =+IF(H41*$Y$2>1,1,H41*$Y$2) -> 0.88692044 | AF41: =+IF(I41*$Y$2>1,1,I41*$Y$2) -> 0.76337949 | AG41: =+IF(J41*$Y$2>1,1,J41*$Y$2) -> 0.65704682 | AH41: =+IF(K41*$Y$2>1,1,K41*$Y$2) -> 0.56552544 | AI41: =+IF(L41*$Y$2>1,1,L41*$Y$2) -> 0.41895155 | AJ41: =+IF(M41*$Y$2>1,1,M41*$Y$2) -> 0.4 | ... AS41: =+IF(V41*$Y$2>1,1,V41*$Y$2) -> 0.4
A42: 1M | B42: 2 | C42: =+IF(C$12<>$A42,99.9%,1)*MAX(EXP(-$B$2*(ABS(C$38-$B42)/MIN(C$38,$B42))),40%) -> 0.81058425 | D42: =+IF(D$12<>$A42,99.9%,1)*MAX(EXP(-$B$2*(ABS(D$38-$B42)/MIN(D$38,$B42))),40%) -> 0.91393119 | E42: =+IF(E$12<>$A42,99.9%,1)*MAX(EXP(-$B$2*(ABS(E$38-$B42)/MIN(E$38,$B42))),40%) -> 0.97044553 | F42: =+IF(F$12<>$A42,99.9%,1)*MAX(EXP(-$B$2*(ABS(F$38-$B42)/MIN(F$38,$B42))),40%) -> 1 | G42: =+IF(G$12<>$A42,99.9%,1)*MAX(EXP(-$B$2*(ABS(G$38-$B42)/MIN(G$38,$B42))),40%) -> 0.98511194 | H42: =+IF(H$12<>$A42,99.9%,1)*MAX(EXP(-$B$2*(ABS(H$38-$B42)/MIN(H$38,$B42))),40%) -> 0.95599748 | I42: =+IF(I$12<>$A42,99.9%,1)*MAX(EXP(-$B$2*(ABS(I$38-$B42)/MIN(I$38,$B42))),40%) -> 0.88692044 | J42: =+IF(J$12<>$A42,99.9%,1)*MAX(EXP(-$B$2*(ABS(J$38-$B42)/MIN(J$38,$B42))),40%) -> 0.82283466 | ... L42: =+IF(L$12<>$A42,99.9%,1)*MAX(EXP(-$B$2*(ABS(L$38-$B42)/MIN(L$38,$B42))),40%) -> 0.65704682 | M42: 0.4 | N42: 0.4 | O42: 0.4 | P42: 0.4 | Q42: 0.4 | R42: 0.4 | S42: 0.4 | T42: 0.4 | U42: 0.4 | V42: 0.4 | X42: 1M | Y42: 2 | Z42: =+IF(C42*$Y$2>1,1,C42*$Y$2) -> 0.81058425 | AA42: =+IF(D42*$Y$2>1,1,D42*$Y$2) -> 0.91393119 | AB42: =+IF(E42*$Y$2>1,1,E42*$Y$2) -> 0.97044553 | AC42: 1 | AD42: =+IF(G42*$Y$2>1,1,G42*$Y$2) -> 0.98511194 | AE42: =+IF(H42*$Y$2>1,1,H42*$Y$2) -> 0.95599748 | AF42: =+IF(I42*$Y$2>1,1,I42*$Y$2) -> 0.88692044 | AG42: =+IF(J42*$Y$2>1,1,J42*$Y$2) -> 0.82283466 | AH42: =+IF(K42*$Y$2>1,1,K42*$Y$2) -> 0.76337949 | AI42: =+IF(L42*$Y$2>1,1,L42*$Y$2) -> 0.65704682 | AJ42: =+IF(M42*$Y$2>1,1,M42*$Y$2) -> 0.4 | AK42: =+IF(N42*$Y$2>1,1,N42*$Y$2) -> 0.4 | ... AS42: =+IF(V42*$Y$2>1,1,V42*$Y$2) -> 0.4
A43: 1M | B43: 3 | C43: =+IF(C$12<>$A43,99.9%,1)*MAX(EXP(-$B$2*(ABS(C$38-$B43)/MIN(C$38,$B43))),40%) -> 0.71892373 | D43: =+IF(D$12<>$A43,99.9%,1)*MAX(EXP(-$B$2*(ABS(D$38-$B43)/MIN(D$38,$B43))),40%) -> 0.86070798 | E43: =+IF(E$12<>$A43,99.9%,1)*MAX(EXP(-$B$2*(ABS(E$38-$B43)/MIN(E$38,$B43))),40%) -> 0.94176453 | F43: =+IF(F$12<>$A43,99.9%,1)*MAX(EXP(-$B$2*(ABS(F$38-$B43)/MIN(F$38,$B43))),40%) -> 0.98511194 | G43: =+IF(G$12<>$A43,99.9%,1)*MAX(EXP(-$B$2*(ABS(G$38-$B43)/MIN(G$38,$B43))),40%) -> 1 | H43: =+IF(H$12<>$A43,99.9%,1)*MAX(EXP(-$B$2*(ABS(H$38-$B43)/MIN(H$38,$B43))),40%) -> 0.98019867 | I43: =+IF(I$12<>$A43,99.9%,1)*MAX(EXP(-$B$2*(ABS(I$38-$B43)/MIN(I$38,$B43))),40%) -> 0.93239382 | J43: =+IF(J$12<>$A43,99.9%,1)*MAX(EXP(-$B$2*(ABS(J$38-$B43)/MIN(J$38,$B43))),40%) -> 0.88692044 | ... L43: =+IF(L$12<>$A43,99.9%,1)*MAX(EXP(-$B$2*(ABS(L$38-$B43)/MIN(L$38,$B43))),40%) -> 0.76337949 | M43: 0.4 | N43: 0.4 | O43: 0.4 | P43: 0.4 | Q43: 0.4 | R43: 0.4 | S43: 0.4 | T43: 0.4 | U43: 0.4 | V43: 0.4 | X43: 1M | Y43: 3 | Z43: =+IF(C43*$Y$2>1,1,C43*$Y$2) -> 0.71892373 | AA43: =+IF(D43*$Y$2>1,1,D43*$Y$2) -> 0.86070798 | AB43: =+IF(E43*$Y$2>1,1,E43*$Y$2) -> 0.94176453 | AC43: =+IF(F43*$Y$2>1,1,F43*$Y$2) -> 0.98511194 | AD43: 1 | AE43: =+IF(H43*$Y$2>1,1,H43*$Y$2) -> 0.98019867 | AF43: =+IF(I43*$Y$2>1,1,I43*$Y$2) -> 0.93239382 | AG43: =+IF(J43*$Y$2>1,1,J43*$Y$2) -> 0.88692044 | AH43: =+IF(K43*$Y$2>1,1,K43*$Y$2) -> 0.84366482 | AI43: =+IF(L43*$Y$2>1,1,L43*$Y$2) -> 0.76337949 | AJ43: =+IF(M43*$Y$2>1,1,M43*$Y$2) -> 0.4 | AK43: =+IF(N43*$Y$2>1,1,N43*$Y$2) -> 0.4 | AL43: =+IF(O43*$Y$2>1,1,O43*$Y$2) -> 0.4 | ... AS43: =+IF(V43*$Y$2>1,1,V43*$Y$2) -> 0.4
A44: 1M | B44: 5 | C44: =+IF(C$12<>$A44,99.9%,1)*MAX(EXP(-$B$2*(ABS(C$38-$B44)/MIN(C$38,$B44))),40%) -> 0.56552544 | D44: =+IF(D$12<>$A44,99.9%,1)*MAX(EXP(-$B$2*(ABS(D$38-$B44)/MIN(D$38,$B44))),40%) -> 0.76337949 | E44: =+IF(E$12<>$A44,99.9%,1)*MAX(EXP(-$B$2*(ABS(E$38-$B44)/MIN(E$38,$B44))),40%) -> 0.88692044 | F44: =+IF(F$12<>$A44,99.9%,1)*MAX(EXP(-$B$2*(ABS(F$38-$B44)/MIN(F$38,$B44))),40%) -> 0.95599748 | G44: =+IF(G$12<>$A44,99.9%,1)*MAX(EXP(-$B$2*(ABS(G$38-$B44)/MIN(G$38,$B44))),40%) -> 0.98019867 | H44: =+IF(H$12<>$A44,99.9%,1)*MAX(EXP(-$B$2*(ABS(H$38-$B44)/MIN(H$38,$B44))),40%) -> 1 | I44: =+IF(I$12<>$A44,99.9%,1)*MAX(EXP(-$B$2*(ABS(I$38-$B44)/MIN(I$38,$B44))),40%) -> 0.97044553 | J44: =+IF(J$12<>$A44,99.9%,1)*MAX(EXP(-$B$2*(ABS(J$38-$B44)/MIN(J$38,$B44))),40%) -> 0.94176453 | ... L44: =+IF(L$12<>$A44,99.9%,1)*MAX(EXP(-$B$2*(ABS(L$38-$B44)/MIN(L$38,$B44))),40%) -> 0.86070798 | M44: 0.4 | N44: 0.4 | O44: 0.4 | P44: 0.4 | Q44: 0.4 | R44: 0.4 | S44: 0.4 | T44: 0.4 | U44: 0.4 | V44: 0.4 | X44: 1M | Y44: 5 | Z44: =+IF(C44*$Y$2>1,1,C44*$Y$2) -> 0.56552544 | AA44: =+IF(D44*$Y$2>1,1,D44*$Y$2) -> 0.76337949 | AB44: =+IF(E44*$Y$2>1,1,E44*$Y$2) -> 0.88692044 | AC44: =+IF(F44*$Y$2>1,1,F44*$Y$2) -> 0.95599748 | AD44: =+IF(G44*$Y$2>1,1,G44*$Y$2) -> 0.98019867 | AE44: 1 | AF44: =+IF(I44*$Y$2>1,1,I44*$Y$2) -> 0.97044553 | AG44: =+IF(J44*$Y$2>1,1,J44*$Y$2) -> 0.94176453 | AH44: =+IF(K44*$Y$2>1,1,K44*$Y$2) -> 0.91393119 | AI44: =+IF(L44*$Y$2>1,1,L44*$Y$2) -> 0.86070798 | AJ44: =+IF(M44*$Y$2>1,1,M44*$Y$2) -> 0.4 | AK44: =+IF(N44*$Y$2>1,1,N44*$Y$2) -> 0.4 | AL44: =+IF(O44*$Y$2>1,1,O44*$Y$2) -> 0.4 | AM44: =+IF(P44*$Y$2>1,1,P44*$Y$2) -> 0.4 | ... AS44: =+IF(V44*$Y$2>1,1,V44*$Y$2) -> 0.4
A45: 1M | B45: 10 | C45: =+IF(C$12<>$A45,99.9%,1)*MAX(EXP(-$B$2*(ABS(C$38-$B45)/MIN(C$38,$B45))),40%) -> 0.4 | D45: =+IF(D$12<>$A45,99.9%,1)*MAX(EXP(-$B$2*(ABS(D$38-$B45)/MIN(D$38,$B45))),40%) -> 0.56552544 | E45: =+IF(E$12<>$A45,99.9%,1)*MAX(EXP(-$B$2*(ABS(E$38-$B45)/MIN(E$38,$B45))),40%) -> 0.76337949 | F45: =+IF(F$12<>$A45,99.9%,1)*MAX(EXP(-$B$2*(ABS(F$38-$B45)/MIN(F$38,$B45))),40%) -> 0.88692044 | G45: =+IF(G$12<>$A45,99.9%,1)*MAX(EXP(-$B$2*(ABS(G$38-$B45)/MIN(G$38,$B45))),40%) -> 0.93239382 | H45: =+IF(H$12<>$A45,99.9%,1)*MAX(EXP(-$B$2*(ABS(H$38-$B45)/MIN(H$38,$B45))),40%) -> 0.97044553 | I45: =+IF(I$12<>$A45,99.9%,1)*MAX(EXP(-$B$2*(ABS(I$38-$B45)/MIN(I$38,$B45))),40%) -> 1 | J45: =+IF(J$12<>$A45,99.9%,1)*MAX(EXP(-$B$2*(ABS(J$38-$B45)/MIN(J$38,$B45))),40%) -> 0.98511194 | ... L45: =+IF(L$12<>$A45,99.9%,1)*MAX(EXP(-$B$2*(ABS(L$38-$B45)/MIN(L$38,$B45))),40%) -> 0.94176453 | M45: 0.4 | N45: 0.4 | O45: 0.4 | P45: 0.4 | Q45: 0.4 | R45: 0.4 | S45: 0.4 | T45: 0.4 | U45: 0.4 | V45: 0.4 | X45: 1M | Y45: 10 | Z45: =+IF(C45*$Y$2>1,1,C45*$Y$2) -> 0.4 | AA45: =+IF(D45*$Y$2>1,1,D45*$Y$2) -> 0.56552544 | AB45: =+IF(E45*$Y$2>1,1,E45*$Y$2) -> 0.76337949 | AC45: =+IF(F45*$Y$2>1,1,F45*$Y$2) -> 0.88692044 | AD45: =+IF(G45*$Y$2>1,1,G45*$Y$2) -> 0.93239382 | AE45: =+IF(H45*$Y$2>1,1,H45*$Y$2) -> 0.97044553 | AF45: 1 | AG45: =+IF(J45*$Y$2>1,1,J45*$Y$2) -> 0.98511194 | AH45: =+IF(K45*$Y$2>1,1,K45*$Y$2) -> 0.97044553 | AI45: =+IF(L45*$Y$2>1,1,L45*$Y$2) -> 0.94176453 | AJ45: =+IF(M45*$Y$2>1,1,M45*$Y$2) -> 0.4 | AK45: =+IF(N45*$Y$2>1,1,N45*$Y$2) -> 0.4 | AL45: =+IF(O45*$Y$2>1,1,O45*$Y$2) -> 0.4 | AM45: =+IF(P45*$Y$2>1,1,P45*$Y$2) -> 0.4 | AN45: =+IF(Q45*$Y$2>1,1,Q45*$Y$2) -> 0.4 | ... AS45: =+IF(V45*$Y$2>1,1,V45*$Y$2) -> 0.4
A46: 1M | B46: 15 | C46: =+IF(C$12<>$A46,99.9%,1)*MAX(EXP(-$B$2*(ABS(C$38-$B46)/MIN(C$38,$B46))),40%) -> 0.4 | D46: =+IF(D$12<>$A46,99.9%,1)*MAX(EXP(-$B$2*(ABS(D$38-$B46)/MIN(D$38,$B46))),40%) -> 0.41895155 | E46: =+IF(E$12<>$A46,99.9%,1)*MAX(EXP(-$B$2*(ABS(E$38-$B46)/MIN(E$38,$B46))),40%) -> 0.65704682 | F46: =+IF(F$12<>$A46,99.9%,1)*MAX(EXP(-$B$2*(ABS(F$38-$B46)/MIN(F$38,$B46))),40%) -> 0.82283466 | G46: =+IF(G$12<>$A46,99.9%,1)*MAX(EXP(-$B$2*(ABS(G$38-$B46)/MIN(G$38,$B46))),40%) -> 0.88692044 | H46: =+IF(H$12<>$A46,99.9%,1)*MAX(EXP(-$B$2*(ABS(H$38-$B46)/MIN(H$38,$B46))),40%) -> 0.94176453 | I46: =+IF(I$12<>$A46,99.9%,1)*MAX(EXP(-$B$2*(ABS(I$38-$B46)/MIN(I$38,$B46))),40%) -> 0.98511194 | J46: =+IF(J$12<>$A46,99.9%,1)*MAX(EXP(-$B$2*(ABS(J$38-$B46)/MIN(J$38,$B46))),40%) -> 1 | ... L46: =+IF(L$12<>$A46,99.9%,1)*MAX(EXP(-$B$2*(ABS(L$38-$B46)/MIN(L$38,$B46))),40%) -> 0.97044553 | M46: 0.4 | N46: 0.4 | O46: 0.4 | P46: 0.4 | Q46: 0.4 | R46: 0.4 | S46: 0.4 | T46: 0.4 | U46: 0.4 | V46: 0.4 | X46: 1M | Y46: 15 | Z46: =+IF(C46*$Y$2>1,1,C46*$Y$2) -> 0.4 | AA46: =+IF(D46*$Y$2>1,1,D46*$Y$2) -> 0.41895155 | AB46: =+IF(E46*$Y$2>1,1,E46*$Y$2) -> 0.65704682 | AC46: =+IF(F46*$Y$2>1,1,F46*$Y$2) -> 0.82283466 | AD46: =+IF(G46*$Y$2>1,1,G46*$Y$2) -> 0.88692044 | AE46: =+IF(H46*$Y$2>1,1,H46*$Y$2) -> 0.94176453 | AF46: =+IF(I46*$Y$2>1,1,I46*$Y$2) -> 0.98511194 | AG46: 1 | AH46: =+IF(K46*$Y$2>1,1,K46*$Y$2) -> 0.99004983 | AI46: =+IF(L46*$Y$2>1,1,L46*$Y$2) -> 0.97044553 | AJ46: =+IF(M46*$Y$2>1,1,M46*$Y$2) -> 0.4 | AK46: =+IF(N46*$Y$2>1,1,N46*$Y$2) -> 0.4 | AL46: =+IF(O46*$Y$2>1,1,O46*$Y$2) -> 0.4 | AM46: =+IF(P46*$Y$2>1,1,P46*$Y$2) -> 0.4 | AN46: =+IF(Q46*$Y$2>1,1,Q46*$Y$2) -> 0.4 | AO46: =+IF(R46*$Y$2>1,1,R46*$Y$2) -> 0.4 | ... AS46: =+IF(V46*$Y$2>1,1,V46*$Y$2) -> 0.4
A47: 1M | B47: 20 | C47: =+IF(C$12<>$A47,99.9%,1)*MAX(EXP(-$B$2*(ABS(C$38-$B47)/MIN(C$38,$B47))),40%) -> 0.4 | D47: =+IF(D$12<>$A47,99.9%,1)*MAX(EXP(-$B$2*(ABS(D$38-$B47)/MIN(D$38,$B47))),40%) -> 0.4 | E47: =+IF(E$12<>$A47,99.9%,1)*MAX(EXP(-$B$2*(ABS(E$38-$B47)/MIN(E$38,$B47))),40%) -> 0.56552544 | F47: =+IF(F$12<>$A47,99.9%,1)*MAX(EXP(-$B$2*(ABS(F$38-$B47)/MIN(F$38,$B47))),40%) -> 0.76337949 | G47: =+IF(G$12<>$A47,99.9%,1)*MAX(EXP(-$B$2*(ABS(G$38-$B47)/MIN(G$38,$B47))),40%) -> 0.84366482 | H47: =+IF(H$12<>$A47,99.9%,1)*MAX(EXP(-$B$2*(ABS(H$38-$B47)/MIN(H$38,$B47))),40%) -> 0.91393119 | I47: =+IF(I$12<>$A47,99.9%,1)*MAX(EXP(-$B$2*(ABS(I$38-$B47)/MIN(I$38,$B47))),40%) -> 0.97044553 | J47: =+IF(J$12<>$A47,99.9%,1)*MAX(EXP(-$B$2*(ABS(J$38-$B47)/MIN(J$38,$B47))),40%) -> 0.99004983 | ... L47: =+IF(L$12<>$A47,99.9%,1)*MAX(EXP(-$B$2*(ABS(L$38-$B47)/MIN(L$38,$B47))),40%) -> 0.98511194 | M47: 0.4 | N47: 0.4 | O47: 0.4 | P47: 0.4 | Q47: 0.4 | R47: 0.4 | S47: 0.4 | T47: 0.4 | U47: 0.4 | V47: 0.4 | X47: 1M | Y47: 20 | Z47: =+IF(C47*$Y$2>1,1,C47*$Y$2) -> 0.4 | AA47: =+IF(D47*$Y$2>1,1,D47*$Y$2) -> 0.4 | AB47: =+IF(E47*$Y$2>1,1,E47*$Y$2) -> 0.56552544 | AC47: =+IF(F47*$Y$2>1,1,F47*$Y$2) -> 0.76337949 | AD47: =+IF(G47*$Y$2>1,1,G47*$Y$2) -> 0.84366482 | AE47: =+IF(H47*$Y$2>1,1,H47*$Y$2) -> 0.91393119 | AF47: =+IF(I47*$Y$2>1,1,I47*$Y$2) -> 0.97044553 | AG47: =+IF(J47*$Y$2>1,1,J47*$Y$2) -> 0.99004983 | AH47: 1 | AI47: =+IF(L47*$Y$2>1,1,L47*$Y$2) -> 0.98511194 | AJ47: =+IF(M47*$Y$2>1,1,M47*$Y$2) -> 0.4 | AK47: =+IF(N47*$Y$2>1,1,N47*$Y$2) -> 0.4 | AL47: =+IF(O47*$Y$2>1,1,O47*$Y$2) -> 0.4 | AM47: =+IF(P47*$Y$2>1,1,P47*$Y$2) -> 0.4 | AN47: =+IF(Q47*$Y$2>1,1,Q47*$Y$2) -> 0.4 | AO47: =+IF(R47*$Y$2>1,1,R47*$Y$2) -> 0.4 | AP47: =+IF(S47*$Y$2>1,1,S47*$Y$2) -> 0.4 | ... AS47: =+IF(V47*$Y$2>1,1,V47*$Y$2) -> 0.4
A48: 1M | B48: 30 | C48: =+IF(C$12<>$A48,99.9%,1)*MAX(EXP(-$B$2*(ABS(C$38-$B48)/MIN(C$38,$B48))),40%) -> 0.4 | D48: =+IF(D$12<>$A48,99.9%,1)*MAX(EXP(-$B$2*(ABS(D$38-$B48)/MIN(D$38,$B48))),40%) -> 0.4 | E48: =+IF(E$12<>$A48,99.9%,1)*MAX(EXP(-$B$2*(ABS(E$38-$B48)/MIN(E$38,$B48))),40%) -> 0.41895155 | F48: =+IF(F$12<>$A48,99.9%,1)*MAX(EXP(-$B$2*(ABS(F$38-$B48)/MIN(F$38,$B48))),40%) -> 0.65704682 | G48: =+IF(G$12<>$A48,99.9%,1)*MAX(EXP(-$B$2*(ABS(G$38-$B48)/MIN(G$38,$B48))),40%) -> 0.76337949 | H48: =+IF(H$12<>$A48,99.9%,1)*MAX(EXP(-$B$2*(ABS(H$38-$B48)/MIN(H$38,$B48))),40%) -> 0.86070798 | I48: =+IF(I$12<>$A48,99.9%,1)*MAX(EXP(-$B$2*(ABS(I$38-$B48)/MIN(I$38,$B48))),40%) -> 0.94176453 | J48: =+IF(J$12<>$A48,99.9%,1)*MAX(EXP(-$B$2*(ABS(J$38-$B48)/MIN(J$38,$B48))),40%) -> 0.97044553 | ... L48: =+IF(L$12<>$A48,99.9%,1)*MAX(EXP(-$B$2*(ABS(L$38-$B48)/MIN(L$38,$B48))),40%) -> 1 | M48: 0.4 | N48: 0.4 | O48: 0.4 | P48: 0.4 | Q48: 0.4 | R48: 0.4 | S48: 0.4 | T48: 0.4 | U48: 0.4 | V48: 0.4 | X48: 1M | Y48: 30 | Z48: =+IF(C48*$Y$2>1,1,C48*$Y$2) -> 0.4 | AA48: =+IF(D48*$Y$2>1,1,D48*$Y$2) -> 0.4 | AB48: =+IF(E48*$Y$2>1,1,E48*$Y$2) -> 0.41895155 | AC48: =+IF(F48*$Y$2>1,1,F48*$Y$2) -> 0.65704682 | AD48: =+IF(G48*$Y$2>1,1,G48*$Y$2) -> 0.76337949 | AE48: =+IF(H48*$Y$2>1,1,H48*$Y$2) -> 0.86070798 | AF48: =+IF(I48*$Y$2>1,1,I48*$Y$2) -> 0.94176453 | AG48: =+IF(J48*$Y$2>1,1,J48*$Y$2) -> 0.97044553 | AH48: =+IF(K48*$Y$2>1,1,K48*$Y$2) -> 0.98511194 | AI48: 1 | AJ48: =+IF(M48*$Y$2>1,1,M48*$Y$2) -> 0.4 | AK48: =+IF(N48*$Y$2>1,1,N48*$Y$2) -> 0.4 | AL48: =+IF(O48*$Y$2>1,1,O48*$Y$2) -> 0.4 | AM48: =+IF(P48*$Y$2>1,1,P48*$Y$2) -> 0.4 | AN48: =+IF(Q48*$Y$2>1,1,Q48*$Y$2) -> 0.4 | AO48: =+IF(R48*$Y$2>1,1,R48*$Y$2) -> 0.4 | AP48: =+IF(S48*$Y$2>1,1,S48*$Y$2) -> 0.4 | AQ48: =+IF(T48*$Y$2>1,1,T48*$Y$2) -> 0.4 | ... AS48: =+IF(V48*$Y$2>1,1,V48*$Y$2) -> 0.4
A49: Inflacion | B49: 0.25 | C49: 0.4 | D49: 0.4 | E49: 0.4 | F49: 0.4 | G49: 0.4 | H49: 0.4 | I49: 0.4 | J49: 0.4 | K49: 0.4 | L49: 0.4 | M49: 0 | N49: 0 | O49: 0 | P49: 0 | Q49: 0 | R49: 0 | S49: 0 | T49: 0 | U49: 0 | V49: 0 | X49: Inflacion | Y49: 0.25 | Z49: =+IF(C49*$Y$2>1,1,C49*$Y$2) -> 0.4 | AA49: =+IF(D49*$Y$2>1,1,D49*$Y$2) -> 0.4 | AB49: =+IF(E49*$Y$2>1,1,E49*$Y$2) -> 0.4 | AC49: =+IF(F49*$Y$2>1,1,F49*$Y$2) -> 0.4 | AD49: =+IF(G49*$Y$2>1,1,G49*$Y$2) -> 0.4 | AE49: =+IF(H49*$Y$2>1,1,H49*$Y$2) -> 0.4 | AF49: =+IF(I49*$Y$2>1,1,I49*$Y$2) -> 0.4 | AG49: =+IF(J49*$Y$2>1,1,J49*$Y$2) -> 0.4 | ... AI49: =+IF(L49*$Y$2>1,1,L49*$Y$2) -> 0.4 | AJ49: 1 | AK49: =+IF(N49*$Y$2>1,1,N49*$Y$2) -> 0 | AL49: =+IF(O49*$Y$2>1,1,O49*$Y$2) -> 0 | AM49: =+IF(P49*$Y$2>1,1,P49*$Y$2) -> 0 | AN49: =+IF(Q49*$Y$2>1,1,Q49*$Y$2) -> 0 | AO49: =+IF(R49*$Y$2>1,1,R49*$Y$2) -> 0 | AP49: =+IF(S49*$Y$2>1,1,S49*$Y$2) -> 0 | AQ49: =+IF(T49*$Y$2>1,1,T49*$Y$2) -> 0 | AR49: =+IF(U49*$Y$2>1,1,U49*$Y$2) -> 0 | AS49: =+IF(V49*$Y$2>1,1,V49*$Y$2) -> 0
A50: Inflacion | B50: 0.5 | C50: 0.4 | D50: 0.4 | E50: 0.4 | F50: 0.4 | G50: 0.4 | H50: 0.4 | I50: 0.4 | J50: 0.4 | K50: 0.4 | L50: 0.4 | M50: 0 | N50: 0 | O50: 0 | P50: 0 | Q50: 0 | R50: 0 | S50: 0 | T50: 0 | U50: 0 | V50: 0 | X50: Inflacion | Y50: 0.5 | Z50: =+IF(C50*$Y$2>1,1,C50*$Y$2) -> 0.4 | AA50: =+IF(D50*$Y$2>1,1,D50*$Y$2) -> 0.4 | AB50: =+IF(E50*$Y$2>1,1,E50*$Y$2) -> 0.4 | AC50: =+IF(F50*$Y$2>1,1,F50*$Y$2) -> 0.4 | AD50: =+IF(G50*$Y$2>1,1,G50*$Y$2) -> 0.4 | AE50: =+IF(H50*$Y$2>1,1,H50*$Y$2) -> 0.4 | AF50: =+IF(I50*$Y$2>1,1,I50*$Y$2) -> 0.4 | AG50: =+IF(J50*$Y$2>1,1,J50*$Y$2) -> 0.4 | ... AS50: =+IF(V50*$Y$2>1,1,V50*$Y$2) -> 0
A51: Inflacion | B51: 1 | C51: 0.4 | D51: 0.4 | E51: 0.4 | F51: 0.4 | G51: 0.4 | H51: 0.4 | I51: 0.4 | J51: 0.4 | K51: 0.4 | L51: 0.4 | M51: 0 | N51: 0 | O51: 0 | P51: 0 | Q51: 0 | R51: 0 | S51: 0 | T51: 0 | U51: 0 | V51: 0 | X51: Inflacion | Y51: 1 | Z51: =+IF(C51*$Y$2>1,1,C51*$Y$2) -> 0.4 | AA51: =+IF(D51*$Y$2>1,1,D51*$Y$2) -> 0.4 | AB51: =+IF(E51*$Y$2>1,1,E51*$Y$2) -> 0.4 | AC51: =+IF(F51*$Y$2>1,1,F51*$Y$2) -> 0.4 | AD51: =+IF(G51*$Y$2>1,1,G51*$Y$2) -> 0.4 | AE51: =+IF(H51*$Y$2>1,1,H51*$Y$2) -> 0.4 | AF51: =+IF(I51*$Y$2>1,1,I51*$Y$2) -> 0.4 | AG51: =+IF(J51*$Y$2>1,1,J51*$Y$2) -> 0.4 | ... AS51: =+IF(V51*$Y$2>1,1,V51*$Y$2) -> 0
A52: Inflacion | B52: 2 | C52: 0.4 | D52: 0.4 | E52: 0.4 | F52: 0.4 | G52: 0.4 | H52: 0.4 | I52: 0.4 | J52: 0.4 | K52: 0.4 | L52: 0.4 | M52: 0 | N52: 0 | O52: 0 | P52: 0 | Q52: 0 | R52: 0 | S52: 0 | T52: 0 | U52: 0 | V52: 0 | X52: Inflacion | Y52: 2 | Z52: =+IF(C52*$Y$2>1,1,C52*$Y$2) -> 0.4 | AA52: =+IF(D52*$Y$2>1,1,D52*$Y$2) -> 0.4 | AB52: =+IF(E52*$Y$2>1,1,E52*$Y$2) -> 0.4 | AC52: =+IF(F52*$Y$2>1,1,F52*$Y$2) -> 0.4 | AD52: =+IF(G52*$Y$2>1,1,G52*$Y$2) -> 0.4 | AE52: =+IF(H52*$Y$2>1,1,H52*$Y$2) -> 0.4 | AF52: =+IF(I52*$Y$2>1,1,I52*$Y$2) -> 0.4 | AG52: =+IF(J52*$Y$2>1,1,J52*$Y$2) -> 0.4 | ... AS52: =+IF(V52*$Y$2>1,1,V52*$Y$2) -> 0
A53: Inflacion | B53: 3 | C53: 0.4 | D53: 0.4 | E53: 0.4 | F53: 0.4 | G53: 0.4 | H53: 0.4 | I53: 0.4 | J53: 0.4 | K53: 0.4 | L53: 0.4 | M53: 0 | N53: 0 | O53: 0 | P53: 0 | Q53: 0 | R53: 0 | S53: 0 | T53: 0 | U53: 0 | V53: 0 | X53: Inflacion | Y53: 3 | Z53: =+IF(C53*$Y$2>1,1,C53*$Y$2) -> 0.4 | AA53: =+IF(D53*$Y$2>1,1,D53*$Y$2) -> 0.4 | AB53: =+IF(E53*$Y$2>1,1,E53*$Y$2) -> 0.4 | AC53: =+IF(F53*$Y$2>1,1,F53*$Y$2) -> 0.4 | AD53: =+IF(G53*$Y$2>1,1,G53*$Y$2) -> 0.4 | AE53: =+IF(H53*$Y$2>1,1,H53*$Y$2) -> 0.4 | AF53: =+IF(I53*$Y$2>1,1,I53*$Y$2) -> 0.4 | AG53: =+IF(J53*$Y$2>1,1,J53*$Y$2) -> 0.4 | ... AS53: =+IF(V53*$Y$2>1,1,V53*$Y$2) -> 0
A54: Inflacion | B54: 5 | C54: 0.4 | D54: 0.4 | E54: 0.4 | F54: 0.4 | G54: 0.4 | H54: 0.4 | I54: 0.4 | J54: 0.4 | K54: 0.4 | L54: 0.4 | M54: 0 | N54: 0 | O54: 0 | P54: 0 | Q54: 0 | R54: 0 | S54: 0 | T54: 0 | U54: 0 | V54: 0 | X54: Inflacion | Y54: 5 | Z54: =+IF(C54*$Y$2>1,1,C54*$Y$2) -> 0.4 | AA54: =+IF(D54*$Y$2>1,1,D54*$Y$2) -> 0.4 | AB54: =+IF(E54*$Y$2>1,1,E54*$Y$2) -> 0.4 | AC54: =+IF(F54*$Y$2>1,1,F54*$Y$2) -> 0.4 | AD54: =+IF(G54*$Y$2>1,1,G54*$Y$2) -> 0.4 | AE54: =+IF(H54*$Y$2>1,1,H54*$Y$2) -> 0.4 | AF54: =+IF(I54*$Y$2>1,1,I54*$Y$2) -> 0.4 | AG54: =+IF(J54*$Y$2>1,1,J54*$Y$2) -> 0.4 | ... AS54: =+IF(V54*$Y$2>1,1,V54*$Y$2) -> 0
A55: Inflacion | B55: 10 | C55: 0.4 | D55: 0.4 | E55: 0.4 | F55: 0.4 | G55: 0.4 | H55: 0.4 | I55: 0.4 | J55: 0.4 | K55: 0.4 | L55: 0.4 | M55: 0 | N55: 0 | O55: 0 | P55: 0 | Q55: 0 | R55: 0 | S55: 0 | T55: 0 | U55: 0 | V55: 0 | X55: Inflacion | Y55: 10 | Z55: =+IF(C55*$Y$2>1,1,C55*$Y$2) -> 0.4 | AA55: =+IF(D55*$Y$2>1,1,D55*$Y$2) -> 0.4 | AB55: =+IF(E55*$Y$2>1,1,E55*$Y$2) -> 0.4 | AC55: =+IF(F55*$Y$2>1,1,F55*$Y$2) -> 0.4 | AD55: =+IF(G55*$Y$2>1,1,G55*$Y$2) -> 0.4 | AE55: =+IF(H55*$Y$2>1,1,H55*$Y$2) -> 0.4 | AF55: =+IF(I55*$Y$2>1,1,I55*$Y$2) -> 0.4 | AG55: =+IF(J55*$Y$2>1,1,J55*$Y$2) -> 0.4 | ... AS55: =+IF(V55*$Y$2>1,1,V55*$Y$2) -> 0
A56: Inflacion | B56: 15 | C56: 0.4 | D56: 0.4 | E56: 0.4 | F56: 0.4 | G56: 0.4 | H56: 0.4 | I56: 0.4 | J56: 0.4 | K56: 0.4 | L56: 0.4 | M56: 0 | N56: 0 | O56: 0 | P56: 0 | Q56: 0 | R56: 0 | S56: 0 | T56: 0 | U56: 0 | V56: 0 | X56: Inflacion | Y56: 15 | Z56: =+IF(C56*$Y$2>1,1,C56*$Y$2) -> 0.4 | AA56: =+IF(D56*$Y$2>1,1,D56*$Y$2) -> 0.4 | AB56: =+IF(E56*$Y$2>1,1,E56*$Y$2) -> 0.4 | AC56: =+IF(F56*$Y$2>1,1,F56*$Y$2) -> 0.4 | AD56: =+IF(G56*$Y$2>1,1,G56*$Y$2) -> 0.4 | AE56: =+IF(H56*$Y$2>1,1,H56*$Y$2) -> 0.4 | AF56: =+IF(I56*$Y$2>1,1,I56*$Y$2) -> 0.4 | AG56: =+IF(J56*$Y$2>1,1,J56*$Y$2) -> 0.4 | ... AS56: =+IF(V56*$Y$2>1,1,V56*$Y$2) -> 0
A57: Inflacion | B57: 20 | C57: 0.4 | D57: 0.4 | E57: 0.4 | F57: 0.4 | G57: 0.4 | H57: 0.4 | I57: 0.4 | J57: 0.4 | K57: 0.4 | L57: 0.4 | M57: 0 | N57: 0 | O57: 0 | P57: 0 | Q57: 0 | R57: 0 | S57: 0 | T57: 0 | U57: 0 | V57: 0 | X57: Inflacion | Y57: 20 | Z57: =+IF(C57*$Y$2>1,1,C57*$Y$2) -> 0.4 | AA57: =+IF(D57*$Y$2>1,1,D57*$Y$2) -> 0.4 | AB57: =+IF(E57*$Y$2>1,1,E57*$Y$2) -> 0.4 | AC57: =+IF(F57*$Y$2>1,1,F57*$Y$2) -> 0.4 | AD57: =+IF(G57*$Y$2>1,1,G57*$Y$2) -> 0.4 | AE57: =+IF(H57*$Y$2>1,1,H57*$Y$2) -> 0.4 | AF57: =+IF(I57*$Y$2>1,1,I57*$Y$2) -> 0.4 | AG57: =+IF(J57*$Y$2>1,1,J57*$Y$2) -> 0.4 | ... AS57: =+IF(V57*$Y$2>1,1,V57*$Y$2) -> 0
A58: Inflacion | B58: 30 | C58: 0.4 | D58: 0.4 | E58: 0.4 | F58: 0.4 | G58: 0.4 | H58: 0.4 | I58: 0.4 | J58: 0.4 | K58: 0.4 | L58: 0.4 | M58: 0 | N58: 0 | O58: 0 | P58: 0 | Q58: 0 | R58: 0 | S58: 0 | T58: 0 | U58: 0 | V58: 0 | X58: Inflacion | Y58: 30 | Z58: =+IF(C58*$Y$2>1,1,C58*$Y$2) -> 0.4 | AA58: =+IF(D58*$Y$2>1,1,D58*$Y$2) -> 0.4 | AB58: =+IF(E58*$Y$2>1,1,E58*$Y$2) -> 0.4 | AC58: =+IF(F58*$Y$2>1,1,F58*$Y$2) -> 0.4 | AD58: =+IF(G58*$Y$2>1,1,G58*$Y$2) -> 0.4 | AE58: =+IF(H58*$Y$2>1,1,H58*$Y$2) -> 0.4 | AF58: =+IF(I58*$Y$2>1,1,I58*$Y$2) -> 0.4 | AG58: =+IF(J58*$Y$2>1,1,J58*$Y$2) -> 0.4 | ... AS58: =+IF(V58*$Y$2>1,1,V58*$Y$2) -> 0

Sheet delta GIRR 1
A1: Ejemplo 1: sensibilidad a una sola curva de la misma divisa
A3: Delta:
C4: Tenor | D4: 0.25 | E4: 0.5 | F4: 1 | G4: 2 | H4: 3 | I4: 5
A5: Curva | B5: 1M | D5: 1000 | E5: 1000 | F5: 1000 | G5: 1000 | H5: 1000 | I5: 1000
A7: RW: sqrt?
A8: SI | C8: Tenor | D8: 0.25 | E8: 0.5 | F8: 1 | G8: 2 | H8: 3 | I8: 5
A9: =+IF(A8="SI",SQRT(2),1) -> 1.4142136 | D9: 170 | E9: 170 | F9: 160 | G9: 130 | H9: 120 | I9: 110
D10: =+D9/$A$9 -> 120.20815 | E10: =+E9/$A$9 -> 120.20815 | F10: =+F9/$A$9 -> 113.13708 | G10: =+G9/$A$9 -> 91.923882 | H10: =+H9/$A$9 -> 84.852814 | I10: =+I9/$A$9 -> 77.781746
A12: Delta x RW | D12: =+D10*D5 -> 120208.15 | E12: =+E10*E5 -> 120208.15 | F12: =+F10*F5 -> 113137.08 | G12: =+G10*G5 -> 91923.882 | H12: =+H10*H5 -> 84852.814 | I12: =+I10*I5 -> 77781.746
A14: Correlaciones:
C15: Curva | D15: {=+TRANSPOSE(B17:B22)} -> 1M | E15: 1M | F15: 1M | G15: 1M | H15: 1M | I15: 1M
B16: Curva | C16: Tenor | D16: {=+TRANSPOSE(C17:C22)} -> 0.25 | E16: 0.5 | F16: 1 | G16: 2 | H16: 3 | I16: 5
B17: 1M | C17: 0.25 | D17: =+correlaciones!Z14 -> 1 | E17: =+correlaciones!AA14 -> 0.97044553 | F17: =+correlaciones!AB14 -> 0.91393119 | G17: =+correlaciones!AC14 -> 0.81058425 | H17: =+correlaciones!AD14 -> 0.71892373 | I17: =+correlaciones!AE14 -> 0.56552544
B18: 1M | C18: 0.5 | D18: =+correlaciones!Z15 -> 0.97044553 | E18: =+correlaciones!AA15 -> 1 | F18: =+correlaciones!AB15 -> 0.97044553 | G18: =+correlaciones!AC15 -> 0.91393119 | H18: =+correlaciones!AD15 -> 0.86070798 | I18: =+correlaciones!AE15 -> 0.76337949
B19: 1M | C19: 1 | D19: =+correlaciones!Z16 -> 0.91393119 | E19: =+correlaciones!AA16 -> 0.97044553 | F19: =+correlaciones!AB16 -> 1 | G19: =+correlaciones!AC16 -> 0.97044553 | H19: =+correlaciones!AD16 -> 0.94176453 | I19: =+correlaciones!AE16 -> 0.88692044
B20: 1M | C20: 2 | D20: =+correlaciones!Z17 -> 0.81058425 | E20: =+correlaciones!AA17 -> 0.91393119 | F20: =+correlaciones!AB17 -> 0.97044553 | G20: =+correlaciones!AC17 -> 1 | H20: =+correlaciones!AD17 -> 0.98511194 | I20: =+correlaciones!AE17 -> 0.95599748
B21: 1M | C21: 3 | D21: =+correlaciones!Z18 -> 0.71892373 | E21: =+correlaciones!AA18 -> 0.86070798 | F21: =+correlaciones!AB18 -> 0.94176453 | G21: =+correlaciones!AC18 -> 0.98511194 | H21: =+correlaciones!AD18 -> 1 | I21: =+correlaciones!AE18 -> 0.98019867
B22: 1M | C22: 5 | D22: =+correlaciones!Z19 -> 0.56552544 | E22: =+correlaciones!AA19 -> 0.76337949 | F22: =+correlaciones!AB19 -> 0.88692044 | G22: =+correlaciones!AC19 -> 0.95599748 | H22: =+correlaciones!AD19 -> 0.98019867 | I22: =+correlaciones!AE19 -> 1
A25: Kb: RW * Rho | D25: {=+MMULT(D12:I12,D17:I22)} -> 519765.44 | E25: 563079.58 | F25: 577759.24 | G25: 566966.75 | H25: 548082.8 | I25: 508922.16
A27: CAPITAL | D27: {=+SQRT(MMULT(D25:I25,TRANSPOSE(D12:I12)))} -> 577703.9
A28: Escenario rho | B28: =+correlaciones!$Y$2 -> 1

Sheet delta GIRR 2
A1: Ejemplo 2: sensibilidad a dos curvas de la misma divisa
A3: Delta:
C4: Tenor | D4: 0.25 | E4: 0.5 | F4: 1 | G4: 2 | H4: 3 | I4: 5
A5: Curva | B5: 1M | D5: 1000 | E5: 1000 | F5: 1000 | G5: 1000 | H5: 1000 | I5: 1000
A6: Curva | B6: 3M | D6: 1000 | E6: 1000 | F6: 1000 | G6: 1000 | H6: 1000 | I6: 1000
A8: RW: sqrt?
A9: SI | C9: Tenor | D9: 0.25 | E9: 0.5 | F9: 1 | G9: 2 | H9: 3 | I9: 5
A10: =+IF(A9="SI",SQRT(2),1) -> 1.4142136 | C10: RW normal | D10: 170 | E10: 170 | F10: 160 | G10: 130 | H10: 120 | I10: 110
C11: RW premiun | D11: =+D10/$A$10 -> 120.20815 | E11: =+E10/$A$10 -> 120.20815 | F11: =+F10/$A$10 -> 113.13708 | G11: =+G10/$A$10 -> 91.923882 | H11: =+H10/$A$10 -> 84.852814 | I11: =+I10/$A$10 -> 77.781746
A13: Delta x RW | C13: 1M | D13: =+D11*D5 -> 120208.15 | E13: =+E11*E5 -> 120208.15 | F13: =+F11*F5 -> 113137.08 | G13: =+G11*G5 -> 91923.882 | H13: =+H11*H5 -> 84852.814 | I13: =+I11*I5 -> 77781.746
C14: 3M | D14: =+D11*D6 -> 120208.15 | E14: =+E11*E6 -> 120208.15 | F14: =+F11*F6 -> 113137.08 | G14: =+G11*G6 -> 91923.882 | H14: =+H11*H6 -> 84852.814 | I14: =+I11*I6 -> 77781.746
A17: Correlaciones:
C18: Curva | D18: {=+TRANSPOSE(B20:B25)} -> 1M | E18: 1M | F18: 1M | G18: 1M | H18: 1M | I18: 1M | J18: 3M | K18: 3M | L18: 3M | M18: 3M | N18: 3M | O18: 3M
B19: Curva | C19: Tenor | D19: {=+TRANSPOSE(C20:C25)} -> 0.25 | E19: 0.5 | F19: 1 | G19: 2 | H19: 3 | I19: 5 | J19: 0.25 | K19: 0.5 | L19: 1 | M19: 2 | N19: 3 | O19: 5
B20: 1M | C20: 0.25 | D20: =+correlaciones!Z14 -> 1 | E20: =+correlaciones!AA14 -> 0.97044553 | F20: =+correlaciones!AB14 -> 0.91393119 | G20: =+correlaciones!AC14 -> 0.81058425 | H20: =+correlaciones!AD14 -> 0.71892373 | I20: =+correlaciones!AE14 -> 0.56552544 | J20: =+correlaciones!AJ14 -> 0.999 | K20: =+correlaciones!AK14 -> 0.96947509 | L20: =+correlaciones!AL14 -> 0.91301725 | M20: =+correlaciones!AM14 -> 0.80977366 | N20: =+correlaciones!AN14 -> 0.71820481 | O20: =+correlaciones!AO14 -> 0.56495991
B21: 1M | C21: 0.5 | D21: =+correlaciones!Z15 -> 0.97044553 | E21: =+correlaciones!AA15 -> 1 | F21: =+correlaciones!AB15 -> 0.97044553 | G21: =+correlaciones!AC15 -> 0.91393119 | H21: =+correlaciones!AD15 -> 0.86070798 | I21: =+correlaciones!AE15 -> 0.76337949 | J21: =+correlaciones!AJ15 -> 0.96947509 | K21: =+correlaciones!AK15 -> 0.999 | L21: =+correlaciones!AL15 -> 0.96947509 | M21: =+correlaciones!AM15 -> 0.91301725 | N21: =+correlaciones!AN15 -> 0.85984727 | O21: =+correlaciones!AO15 -> 0.76261611
B22: 1M | C22: 1 | D22: =+correlaciones!Z16 -> 0.91393119 | E22: =+correlaciones!AA16 -> 0.97044553 | F22: =+correlaciones!AB16 -> 1 | G22: =+correlaciones!AC16 -> 0.97044553 | H22: =+correlaciones!AD16 -> 0.94176453 | I22: =+correlaciones!AE16 -> 0.88692044 | J22: =+correlaciones!AJ16 -> 0.91301725 | K22: =+correlaciones!AK16 -> 0.96947509 | L22: =+correlaciones!AL16 -> 0.999 | M22: =+correlaciones!AM16 -> 0.96947509 | N22: =+correlaciones!AN16 -> 0.94082277 | O22: =+correlaciones!AO16 -> 0.88603352
B23: 1M | C23: 2 | D23: =+correlaciones!Z17 -> 0.81058425 | E23: =+correlaciones!AA17 -> 0.91393119 | F23: =+correlaciones!AB17 -> 0.97044553 | G23: =+correlaciones!AC17 -> 1 | H23: =+correlaciones!AD17 -> 0.98511194 | I23: =+correlaciones!AE17 -> 0.95599748 | J23: =+correlaciones!AJ17 -> 0.80977366 | K23: =+correlaciones!AK17 -> 0.91301725 | L23: =+correlaciones!AL17 -> 0.96947509 | M23: =+correlaciones!AM17 -> 0.999 | N23: =+correlaciones!AN17 -> 0.98412683 | O23: =+correlaciones!AO17 -> 0.95504148
B24: 1M | C24: 3 | D24: =+correlaciones!Z18 -> 0.71892373 | E24: =+correlaciones!AA18 -> 0.86070798 | F24: =+correlaciones!AB18 -> 0.94176453 | G24: =+correlaciones!AC18 -> 0.98511194 | H24: =+correlaciones!AD18 -> 1 | I24: =+correlaciones!AE18 -> 0.98019867 | J24: =+correlaciones!AJ18 -> 0.71820481 | K24: =+correlaciones!AK18 -> 0.85984727 | L24: =+correlaciones!AL18 -> 0.94082277 | M24: =+correlaciones!AM18 -> 0.98412683 | N24: =+correlaciones!AN18 -> 0.999 | O24: =+correlaciones!AO18 -> 0.97921847
B25: 1M | C25: 5 | D25: =+correlaciones!Z19 -> 0.56552544 | E25: =+correlaciones!AA19 -> 0.76337949 | F25: =+correlaciones!AB19 -> 0.88692044 | G25: =+correlaciones!AC19 -> 0.95599748 | H25: =+correlaciones!AD19 -> 0.98019867 | I25: =+correlaciones!AE19 -> 1 | J25: =+correlaciones!AJ19 -> 0.56495991 | K25: =+correlaciones!AK19 -> 0.76261611 | L25: =+correlaciones!AL19 -> 0.88603352 | M25: =+correlaciones!AM19 -> 0.95504148 | N25: =+correlaciones!AN19 -> 0.97921847 | O25: =+correlaciones!AO19 -> 0.999
B26: 3M | C26: 0.25 | D26: =+correlaciones!Z24 -> 0.999 | E26: =+correlaciones!AA24 -> 0.96947509 | F26: =+correlaciones!AB24 -> 0.91301725 | G26: =+correlaciones!AC24 -> 0.80977366 | H26: =+correlaciones!AD24 -> 0.71820481 | I26: =+correlaciones!AE24 -> 0.56495991 | J26: =+correlaciones!AJ24 -> 1 | K26: =+correlaciones!AK24 -> 0.97044553 | L26: =+correlaciones!AL24 -> 0.91393119 | M26: =+correlaciones!AM24 -> 0.81058425 | N26: =+correlaciones!AN24 -> 0.71892373 | O26: =+correlaciones!AO24 -> 0.56552544
B27: 3M | C27: 0.5 | D27: =+correlaciones!Z25 -> 0.96947509 | E27: =+correlaciones!AA25 -> 0.999 | F27: =+correlaciones!AB25 -> 0.96947509 | G27: =+correlaciones!AC25 -> 0.91301725 | H27: =+correlaciones!AD25 -> 0.85984727 | I27: =+correlaciones!AE25 -> 0.76261611 | J27: =+correlaciones!AJ25 -> 0.97044553 | K27: =+correlaciones!AK25 -> 1 | L27: =+correlaciones!AL25 -> 0.97044553 | M27: =+correlaciones!AM25 -> 0.91393119 | N27: =+correlaciones!AN25 -> 0.86070798 | O27: =+correlaciones!AO25 -> 0.76337949
B28: 3M | C28: 1 | D28: =+correlaciones!Z26 -> 0.91301725 | E28: =+correlaciones!AA26 -> 0.96947509 | F28: =+correlaciones!AB26 -> 0.999 | G28: =+correlaciones!AC26 -> 0.96947509 | H28: =+correlaciones!AD26 -> 0.94082277 | I28: =+correlaciones!AE26 -> 0.88603352 | J28: =+correlaciones!AJ26 -> 0.91393119 | K28: =+correlaciones!AK26 -> 0.97044553 | L28: =+correlaciones!AL26 -> 1 | M28: =+correlaciones!AM26 -> 0.97044553 | N28: =+correlaciones!AN26 -> 0.94176453 | O28: =+correlaciones!AO26 -> 0.88692044
B29: 3M | C29: 1 | D29: =+correlaciones!Z27 -> 0.80977366 | E29: =+correlaciones!AA27 -> 0.91301725 | F29: =+correlaciones!AB27 -> 0.96947509 | G29: =+correlaciones!AC27 -> 0.999 | H29: =+correlaciones!AD27 -> 0.98412683 | I29: =+correlaciones!AE27 -> 0.95504148 | J29: =+correlaciones!AJ27 -> 0.81058425 | K29: =+correlaciones!AK27 -> 0.91393119 | L29: =+correlaciones!AL27 -> 0.97044553 | M29: =+correlaciones!AM27 -> 1 | N29: =+correlaciones!AN27 -> 0.98511194 | O29: =+correlaciones!AO27 -> 0.95599748
B30: 3M | C30: 1 | D30: =+correlaciones!Z28 -> 0.71820481 | E30: =+correlaciones!AA28 -> 0.85984727 | F30: =+correlaciones!AB28 -> 0.94082277 | G30: =+correlaciones!AC28 -> 0.98412683 | H30: =+correlaciones!AD28 -> 0.999 | I30: =+correlaciones!AE28 -> 0.97921847 | J30: =+correlaciones!AJ28 -> 0.71892373 | K30: =+correlaciones!AK28 -> 0.86070798 | L30: =+correlaciones!AL28 -> 0.94176453 | M30: =+correlaciones!AM28 -> 0.98511194 | N30: =+correlaciones!AN28 -> 1 | O30: =+correlaciones!AO28 -> 0.98019867
B31: 3M | C31: 1 | D31: =+correlaciones!Z29 -> 0.56495991 | E31: =+correlaciones!AA29 -> 0.76261611 | F31: =+correlaciones!AB29 -> 0.88603352 | G31: =+correlaciones!AC29 -> 0.95504148 | H31: =+correlaciones!AD29 -> 0.97921847 | I31: =+correlaciones!AE29 -> 0.999 | J31: =+correlaciones!AJ29 -> 0.56552544 | K31: =+correlaciones!AK29 -> 0.76337949 | L31: =+correlaciones!AL29 -> 0.88692044 | M31: =+correlaciones!AM29 -> 0.95599748 | N31: =+correlaciones!AN29 -> 0.98019867 | O31: =+correlaciones!AO29 -> 1
A33: Kb: | D33: =+D13 -> 120208.15 | E33: =+E13 -> 120208.15 | F33: =+F13 -> 113137.08 | G33: =+G13 -> 91923.882 | H33: =+H13 -> 84852.814 | I33: =+I13 -> 77781.746 | J33: =+D14 -> 120208.15 | K33: =+E14 -> 120208.15 | L33: =+F14 -> 113137.08 | M33: =+G14 -> 91923.882 | N33: =+H14 -> 84852.814 | O33: =+I14 -> 77781.746
C34: Curva | D34: {=+TRANSPOSE(B36:B41)} -> 1M | E34: 1M | F34: 1M | G34: 1M | H34: 1M | I34: 1M | J34: 3M | K34: 3M | L34: 3M | M34: 3M | N34: 3M | O34: 3M
B35: Curva | C35: Tenor | D35: {=+TRANSPOSE(C36:C41)} -> 0.25 | E35: 0.5 | F35: 1 | G35: 2 | H35: 3 | I35: 5 | J35: 0.25 | K35: 0.5 | L35: 1 | M35: 2 | N35: 3 | O35: 5
A36: {=+TRANSPOSE(D33:O33)} -> 120208.15 | B36: 1M | C36: 0.25 | D36: =+$A36*D$33 -> 1.445e+10 | E36: =+$A36*E$33 -> 1.445e+10 | F36: =+$A36*F$33 -> 1.36e+10 | G36: =+$A36*G$33 -> 1.105e+10 | H36: =+$A36*H$33 -> 1.02e+10 | I36: =+$A36*I$33 -> 9.35e+09 | J36: =+$A36*J$33 -> 1.445e+10 | K36: =+$A36*K$33 -> 1.445e+10 | ... O36: =+$A36*O$33 -> 9.35e+09
A37: 120208.15 | B37: 1M | C37: 0.5 | D37: =+$A37*D$33 -> 1.445e+10 | E37: =+$A37*E$33 -> 1.445e+10 | F37: =+$A37*F$33 -> 1.36e+10 | G37: =+$A37*G$33 -> 1.105e+10 | H37: =+$A37*H$33 -> 1.02e+10 | I37: =+$A37*I$33 -> 9.35e+09 | J37: =+$A37*J$33 -> 1.445e+10 | K37: =+$A37*K$33 -> 1.445e+10 | ... O37: =+$A37*O$33 -> 9.35e+09
A38: 113137.08 | B38: 1M | C38: 1 | D38: =+$A38*D$33 -> 1.36e+10 | E38: =+$A38*E$33 -> 1.36e+10 | F38: =+$A38*F$33 -> 12800000000 | G38: =+$A38*G$33 -> 10400000000 | H38: =+$A38*H$33 -> 9600000000 | I38: =+$A38*I$33 -> 8.8e+09 | J38: =+$A38*J$33 -> 1.36e+10 | K38: =+$A38*K$33 -> 1.36e+10 | ... O38: =+$A38*O$33 -> 8.8e+09
A39: 91923.882 | B39: 1M | C39: 2 | D39: =+$A39*D$33 -> 1.105e+10 | E39: =+$A39*E$33 -> 1.105e+10 | F39: =+$A39*F$33 -> 10400000000 | G39: =+$A39*G$33 -> 8.45e+09 | H39: =+$A39*H$33 -> 7.8e+09 | I39: =+$A39*I$33 -> 7.15e+09 | J39: =+$A39*J$33 -> 1.105e+10 | K39: =+$A39*K$33 -> 1.105e+10 | ... O39: =+$A39*O$33 -> 7.15e+09
A40: 84852.814 | B40: 1M | C40: 3 | D40: =+$A40*D$33 -> 1.02e+10 | E40: =+$A40*E$33 -> 1.02e+10 | F40: =+$A40*F$33 -> 9600000000 | G40: =+$A40*G$33 -> 7.8e+09 | H40: =+$A40*H$33 -> 7.2e+09 | I40: =+$A40*I$33 -> 6.6e+09 | J40: =+$A40*J$33 -> 1.02e+10 | K40: =+$A40*K$33 -> 1.02e+10 | ... O40: =+$A40*O$33 -> 6.6e+09
A41: 77781.746 | B41: 1M | C41: 5 | D41: =+$A41*D$33 -> 9.35e+09 | E41: =+$A41*E$33 -> 9.35e+09 | F41: =+$A41*F$33 -> 8.8e+09 | G41: =+$A41*G$33 -> 7.15e+09 | H41: =+$A41*H$33 -> 6.6e+09 | I41: =+$A41*I$33 -> 6.05e+09 | J41: =+$A41*J$33 -> 9.35e+09 | K41: =+$A41*K$33 -> 9.35e+09 | ... O41: =+$A41*O$33 -> 6.05e+09
A42: 120208.15 | B42: 3M | C42: 0.25 | D42: =+$A42*D$33 -> 1.445e+10 | E42: =+$A42*E$33 -> 1.445e+10 | F42: =+$A42*F$33 -> 1.36e+10 | G42: =+$A42*G$33 -> 1.105e+10 | H42: =+$A42*H$33 -> 1.02e+10 | I42: =+$A42*I$33 -> 9.35e+09 | J42: =+$A42*J$33 -> 1.445e+10 | K42: =+$A42*K$33 -> 1.445e+10 | ... O42: =+$A42*O$33 -> 9.35e+09
A43: 120208.15 | B43: 3M | C43: 0.5 | D43: =+$A43*D$33 -> 1.445e+10 | E43: =+$A43*E$33 -> 1.445e+10 | F43: =+$A43*F$33 -> 1.36e+10 | G43: =+$A43*G$33 -> 1.105e+10 | H43: =+$A43*H$33 -> 1.02e+10 | I43: =+$A43*I$33 -> 9.35e+09 | J43: =+$A43*J$33 -> 1.445e+10 | K43: =+$A43*K$33 -> 1.445e+10 | ... O43: =+$A43*O$33 -> 9.35e+09
A44: 113137.08 | B44: 3M | C44: 1 | D44: =+$A44*D$33 -> 1.36e+10 | E44: =+$A44*E$33 -> 1.36e+10 | F44: =+$A44*F$33 -> 12800000000 | G44: =+$A44*G$33 -> 10400000000 | H44: =+$A44*H$33 -> 9600000000 | I44: =+$A44*I$33 -> 8.8e+09 | J44: =+$A44*J$33 -> 1.36e+10 | K44: =+$A44*K$33 -> 1.36e+10 | ... O44: =+$A44*O$33 -> 8.8e+09
A45: 91923.882 | B45: 3M | C45: 2 | D45: =+$A45*D$33 -> 1.105e+10 | E45: =+$A45*E$33 -> 1.105e+10 | F45: =+$A45*F$33 -> 10400000000 | G45: =+$A45*G$33 -> 8.45e+09 | H45: =+$A45*H$33 -> 7.8e+09 | I45: =+$A45*I$33 -> 7.15e+09 | J45: =+$A45*J$33 -> 1.105e+10 | K45: =+$A45*K$33 -> 1.105e+10 | ... O45: =+$A45*O$33 -> 7.15e+09
A46: 84852.814 | B46: 3M | C46: 3 | D46: =+$A46*D$33 -> 1.02e+10 | E46: =+$A46*E$33 -> 1.02e+10 | F46: =+$A46*F$33 -> 9600000000 | G46: =+$A46*G$33 -> 7.8e+09 | H46: =+$A46*H$33 -> 7.2e+09 | I46: =+$A46*I$33 -> 6.6e+09 | J46: =+$A46*J$33 -> 1.02e+10 | K46: =+$A46*K$33 -> 1.02e+10 | ... O46: =+$A46*O$33 -> 6.6e+09
A47: 77781.746 | B47: 3M | C47: 5 | D47: =+$A47*D$33 -> 9.35e+09 | E47: =+$A47*E$33 -> 9.35e+09 | F47: =+$A47*F$33 -> 8.8e+09 | G47: =+$A47*G$33 -> 7.15e+09 | H47: =+$A47*H$33 -> 6.6e+09 | I47: =+$A47*I$33 -> 6.05e+09 | J47: =+$A47*J$33 -> 9.35e+09 | K47: =+$A47*K$33 -> 9.35e+09 | ... O47: =+$A47*O$33 -> 6.05e+09
A50: CAPITAL | C50: =+SQRT(SUMPRODUCT(D20:O31,D36:O47)) -> 1155118.9
A51: Escenario rho | B51: =+correlaciones!$Y$2 -> 1

Sheet delta GIRR 3
A1: Ejemplo 3: sensibilidad a dos curvas de diferente divisa
A3: Delta:
C4: Tenor | D4: 0.25 | E4: 0.5 | F4: 1 | G4: 2 | H4: 3 | I4: 5
A5: Curva EUR | B5: 1M | D5: 1000 | E5: 1000 | F5: 1000 | G5: 1000 | H5: 1000 | I5: 1000
A6: Curva USD | B6: 3M | D6: 1000 | E6: 1000 | F6: 1000 | G6: 1000 | H6: 1000 | I6: 1000
A8: RW: sqrt?
A9: SI | C9: Tenor | D9: 0.25 | E9: 0.5 | F9: 1 | G9: 2 | H9: 3 | I9: 5
A10: =+IF(A9="SI",SQRT(2),1) -> 1.4142136 | C10: RW normal | D10: 170 | E10: 170 | F10: 160 | G10: 130 | H10: 120 | I10: 110
C11: RW premiun | D11: =+D10/$A$10 -> 120.20815 | E11: =+E10/$A$10 -> 120.20815 | F11: =+F10/$A$10 -> 113.13708 | G11: =+G10/$A$10 -> 91.923882 | H11: =+H10/$A$10 -> 84.852814 | I11: =+I10/$A$10 -> 77.781746
A13: Delta x RW | C13: 1M | D13: =+D11*D5 -> 120208.15 | E13: =+E11*E5 -> 120208.15 | F13: =+F11*F5 -> 113137.08 | G13: =+G11*G5 -> 91923.882 | H13: =+H11*H5 -> 84852.814 | I13: =+I11*I5 -> 77781.746
C14: 3M | D14: =+D11*D6 -> 120208.15 | E14: =+E11*E6 -> 120208.15 | F14: =+F11*F6 -> 113137.08 | G14: =+G11*G6 -> 91923.882 | H14: =+H11*H6 -> 84852.814 | I14: =+I11*I6 -> 77781.746
A17: Correlaciones: | D17: EUR | E17: EUR | F17: EUR | G17: EUR | H17: EUR | I17: EUR | J17: USD | K17: USD | L17: USD | M17: USD | N17: USD | O17: USD
C18: Curva | D18: {=+TRANSPOSE(B20:B25)} -> 1M | E18: 1M | F18: 1M | G18: 1M | H18: 1M | I18: 1M | J18: 3M | K18: 3M | L18: 3M | M18: 3M | N18: 3M | O18: 3M
B19: Curva | C19: Tenor | D19: {=+TRANSPOSE(C20:C25)} -> 0.25 | E19: 0.5 | F19: 1 | G19: 2 | H19: 3 | I19: 5 | J19: 0.25 | K19: 0.5 | L19: 1 | M19: 2 | N19: 3 | O19: 5
A20: EUR | B20: 1M | C20: 0.25 | D20: =+correlaciones!Z14 -> 1 | E20: =+correlaciones!AA14 -> 0.97044553 | F20: =+correlaciones!AB14 -> 0.91393119 | G20: =+correlaciones!AC14 -> 0.81058425 | H20: =+correlaciones!AD14 -> 0.71892373 | I20: =+correlaciones!AE14 -> 0.56552544 | J20: =0.5*$B$51 -> 0.5 | K20: =0.5*$B$51 -> 0.5 | L20: =0.5*$B$51 -> 0.5 | M20: =0.5*$B$51 -> 0.5 | N20: =0.5*$B$51 -> 0.5 | O20: =0.5*$B$51 -> 0.5
A21: EUR | B21: 1M | C21: 0.5 | D21: =+correlaciones!Z15 -> 0.97044553 | E21: =+correlaciones!AA15 -> 1 | F21: =+correlaciones!AB15 -> 0.97044553 | G21: =+correlaciones!AC15 -> 0.91393119 | H21: =+correlaciones!AD15 -> 0.86070798 | I21: =+correlaciones!AE15 -> 0.76337949 | J21: =0.5*$B$51 -> 0.5 | K21: =0.5*$B$51 -> 0.5 | L21: =0.5*$B$51 -> 0.5 | M21: =0.5*$B$51 -> 0.5 | N21: =0.5*$B$51 -> 0.5 | O21: =0.5*$B$51 -> 0.5
A22: EUR | B22: 1M | C22: 1 | D22: =+correlaciones!Z16 -> 0.91393119 | E22: =+correlaciones!AA16 -> 0.97044553 | F22: =+correlaciones!AB16 -> 1 | G22: =+correlaciones!AC16 -> 0.97044553 | H22: =+correlaciones!AD16 -> 0.94176453 | I22: =+correlaciones!AE16 -> 0.88692044 | J22: =0.5*$B$51 -> 0.5 | K22: =0.5*$B$51 -> 0.5 | L22: =0.5*$B$51 -> 0.5 | M22: =0.5*$B$51 -> 0.5 | N22: =0.5*$B$51 -> 0.5 | O22: =0.5*$B$51 -> 0.5
A23: EUR | B23: 1M | C23: 2 | D23: =+correlaciones!Z17 -> 0.81058425 | E23: =+correlaciones!AA17 -> 0.91393119 | F23: =+correlaciones!AB17 -> 0.97044553 | G23: =+correlaciones!AC17 -> 1 | H23: =+correlaciones!AD17 -> 0.98511194 | I23: =+correlaciones!AE17 -> 0.95599748 | J23: =0.5*$B$51 -> 0.5 | K23: =0.5*$B$51 -> 0.5 | L23: =0.5*$B$51 -> 0.5 | M23: =0.5*$B$51 -> 0.5 | N23: =0.5*$B$51 -> 0.5 | O23: =0.5*$B$51 -> 0.5
A24: EUR | B24: 1M | C24: 3 | D24: =+correlaciones!Z18 -> 0.71892373 | E24: =+correlaciones!AA18 -> 0.86070798 | F24: =+correlaciones!AB18 -> 0.94176453 | G24: =+correlaciones!AC18 -> 0.98511194 | H24: =+correlaciones!AD18 -> 1 | I24: =+correlaciones!AE18 -> 0.98019867 | J24: =0.5*$B$51 -> 0.5 | K24: =0.5*$B$51 -> 0.5 | L24: =0.5*$B$51 -> 0.5 | M24: =0.5*$B$51 -> 0.5 | N24: =0.5*$B$51 -> 0.5 | O24: =0.5*$B$51 -> 0.5
A25: EUR | B25: 1M | C25: 5 | D25: =+correlaciones!Z19 -> 0.56552544 | E25: =+correlaciones!AA19 -> 0.76337949 | F25: =+correlaciones!AB19 -> 0.88692044 | G25: =+correlaciones!AC19 -> 0.95599748 | H25: =+correlaciones!AD19 -> 0.98019867 | I25: =+correlaciones!AE19 -> 1 | J25: =0.5*$B$51 -> 0.5 | K25: =0.5*$B$51 -> 0.5 | L25: =0.5*$B$51 -> 0.5 | M25: =0.5*$B$51 -> 0.5 | N25: =0.5*$B$51 -> 0.5 | O25: =0.5*$B$51 -> 0.5
A26: USD | B26: 3M | C26: 0.25 | D26: =0.5*$B$51 -> 0.5 | E26: =0.5*$B$51 -> 0.5 | F26: =0.5*$B$51 -> 0.5 | G26: =0.5*$B$51 -> 0.5 | H26: =0.5*$B$51 -> 0.5 | I26: =0.5*$B$51 -> 0.5 | J26: =+correlaciones!AJ24 -> 1 | K26: =+correlaciones!AK24 -> 0.97044553 | L26: =+correlaciones!AL24 -> 0.91393119 | M26: =+correlaciones!AM24 -> 0.81058425 | N26: =+correlaciones!AN24 -> 0.71892373 | O26: =+correlaciones!AO24 -> 0.56552544
A27: USD | B27: 3M | C27: 0.5 | D27: =0.5*$B$51 -> 0.5 | E27: =0.5*$B$51 -> 0.5 | F27: =0.5*$B$51 -> 0.5 | G27: =0.5*$B$51 -> 0.5 | H27: =0.5*$B$51 -> 0.5 | I27: =0.5*$B$51 -> 0.5 | J27: =+correlaciones!AJ25 -> 0.97044553 | K27: =+correlaciones!AK25 -> 1 | L27: =+correlaciones!AL25 -> 0.97044553 | M27: =+correlaciones!AM25 -> 0.91393119 | N27: =+correlaciones!AN25 -> 0.86070798 | O27: =+correlaciones!AO25 -> 0.76337949
A28: USD | B28: 3M | C28: 1 | D28: =0.5*$B$51 -> 0.5 | E28: =0.5*$B$51 -> 0.5 | F28: =0.5*$B$51 -> 0.5 | G28: =0.5*$B$51 -> 0.5 | H28: =0.5*$B$51 -> 0.5 | I28: =0.5*$B$51 -> 0.5 | J28: =+correlaciones!AJ26 -> 0.91393119 | K28: =+correlaciones!AK26 -> 0.97044553 | L28: =+correlaciones!AL26 -> 1 | M28: =+correlaciones!AM26 -> 0.97044553 | N28: =+correlaciones!AN26 -> 0.94176453 | O28: =+correlaciones!AO26 -> 0.88692044
A29: USD | B29: 3M | C29: 2 | D29: =0.5*$B$51 -> 0.5 | E29: =0.5*$B$51 -> 0.5 | F29: =0.5*$B$51 -> 0.5 | G29: =0.5*$B$51 -> 0.5 | H29: =0.5*$B$51 -> 0.5 | I29: =0.5*$B$51 -> 0.5 | J29: =+correlaciones!AJ27 -> 0.81058425 | K29: =+correlaciones!AK27 -> 0.91393119 | L29: =+correlaciones!AL27 -> 0.97044553 | M29: =+correlaciones!AM27 -> 1 | N29: =+correlaciones!AN27 -> 0.98511194 | O29: =+correlaciones!AO27 -> 0.95599748
A30: USD | B30: 3M | C30: 3 | D30: =0.5*$B$51 -> 0.5 | E30: =0.5*$B$51 -> 0.5 | F30: =0.5*$B$51 -> 0.5 | G30: =0.5*$B$51 -> 0.5 | H30: =0.5*$B$51 -> 0.5 | I30: =0.5*$B$51 -> 0.5 | J30: =+correlaciones!AJ28 -> 0.71892373 | K30: =+correlaciones!AK28 -> 0.86070798 | L30: =+correlaciones!AL28 -> 0.94176453 | M30: =+correlaciones!AM28 -> 0.98511194 | N30: =+correlaciones!AN28 -> 1 | O30: =+correlaciones!AO28 -> 0.98019867
A31: USD | B31: 3M | C31: 5 | D31: =0.5*$B$51 -> 0.5 | E31: =0.5*$B$51 -> 0.5 | F31: =0.5*$B$51 -> 0.5 | G31: =0.5*$B$51 -> 0.5 | H31: =0.5*$B$51 -> 0.5 | I31: =0.5*$B$51 -> 0.5 | J31: =+correlaciones!AJ29 -> 0.56552544 | K31: =+correlaciones!AK29 -> 0.76337949 | L31: =+correlaciones!AL29 -> 0.88692044 | M31: =+correlaciones!AM29 -> 0.95599748 | N31: =+correlaciones!AN29 -> 0.98019867 | O31: =+correlaciones!AO29 -> 1
A33: Kb: | D33: =+D13 -> 120208.15 | E33: =+E13 -> 120208.15 | F33: =+F13 -> 113137.08 | G33: =+G13 -> 91923.882 | H33: =+H13 -> 84852.814 | I33: =+I13 -> 77781.746 | J33: =+D14 -> 120208.15 | K33: =+E14 -> 120208.15 | L33: =+F14 -> 113137.08 | M33: =+G14 -> 91923.882 | N33: =+H14 -> 84852.814 | O33: =+I14 -> 77781.746
C34: Curva | D34: {=+TRANSPOSE(B36:B41)} -> 1M | E34: 1M | F34: 1M | G34: 1M | H34: 1M | I34: 1M | J34: 3M | K34: 3M | L34: 3M | M34: 3M | N34: 3M | O34: 3M
B35: Curva | C35: Tenor | D35: {=+TRANSPOSE(C36:C41)} -> 0.25 | E35: 0.5 | F35: 1 | G35: 2 | H35: 3 | I35: 5 | J35: 0.25 | K35: 0.5 | L35: 1 | M35: 2 | N35: 3 | O35: 5
A36: {=+TRANSPOSE(D33:O33)} -> 120208.15 | B36: 1M | C36: 0.25 | D36: =+$A36*D$33 -> 1.445e+10 | E36: =+$A36*E$33 -> 1.445e+10 | F36: =+$A36*F$33 -> 1.36e+10 | G36: =+$A36*G$33 -> 1.105e+10 | H36: =+$A36*H$33 -> 1.02e+10 | I36: =+$A36*I$33 -> 9.35e+09 | J36: =+$A36*J$33 -> 1.445e+10 | K36: =+$A36*K$33 -> 1.445e+10 | ... O36: =+$A36*O$33 -> 9.35e+09
A37: 120208.15 | B37: 1M | C37: 0.5 | D37: =+$A37*D$33 -> 1.445e+10 | E37: =+$A37*E$33 -> 1.445e+10 | F37: =+$A37*F$33 -> 1.36e+10 | G37: =+$A37*G$33 -> 1.105e+10 | H37: =+$A37*H$33 -> 1.02e+10 | I37: =+$A37*I$33 -> 9.35e+09 | J37: =+$A37*J$33 -> 1.445e+10 | K37: =+$A37*K$33 -> 1.445e+10 | ... O37: =+$A37*O$33 -> 9.35e+09
A38: 113137.08 | B38: 1M | C38: 1 | D38: =+$A38*D$33 -> 1.36e+10 | E38: =+$A38*E$33 -> 1.36e+10 | F38: =+$A38*F$33 -> 12800000000 | G38: =+$A38*G$33 -> 10400000000 | H38: =+$A38*H$33 -> 9600000000 | I38: =+$A38*I$33 -> 8.8e+09 | J38: =+$A38*J$33 -> 1.36e+10 | K38: =+$A38*K$33 -> 1.36e+10 | ... O38: =+$A38*O$33 -> 8.8e+09
A39: 91923.882 | B39: 1M | C39: 2 | D39: =+$A39*D$33 -> 1.105e+10 | E39: =+$A39*E$33 -> 1.105e+10 | F39: =+$A39*F$33 -> 10400000000 | G39: =+$A39*G$33 -> 8.45e+09 | H39: =+$A39*H$33 -> 7.8e+09 | I39: =+$A39*I$33 -> 7.15e+09 | J39: =+$A39*J$33 -> 1.105e+10 | K39: =+$A39*K$33 -> 1.105e+10 | ... O39: =+$A39*O$33 -> 7.15e+09
A40: 84852.814 | B40: 1M | C40: 3 | D40: =+$A40*D$33 -> 1.02e+10 | E40: =+$A40*E$33 -> 1.02e+10 | F40: =+$A40*F$33 -> 9600000000 | G40: =+$A40*G$33 -> 7.8e+09 | H40: =+$A40*H$33 -> 7.2e+09 | I40: =+$A40*I$33 -> 6.6e+09 | J40: =+$A40*J$33 -> 1.02e+10 | K40: =+$A40*K$33 -> 1.02e+10 | ... O40: =+$A40*O$33 -> 6.6e+09
A41: 77781.746 | B41: 1M | C41: 5 | D41: =+$A41*D$33 -> 9.35e+09 | E41: =+$A41*E$33 -> 9.35e+09 | F41: =+$A41*F$33 -> 8.8e+09 | G41: =+$A41*G$33 -> 7.15e+09 | H41: =+$A41*H$33 -> 6.6e+09 | I41: =+$A41*I$33 -> 6.05e+09 | J41: =+$A41*J$33 -> 9.35e+09 | K41: =+$A41*K$33 -> 9.35e+09 | ... O41: =+$A41*O$33 -> 6.05e+09
A42: 120208.15 | B42: 3M | C42: 0.25 | D42: =+$A42*D$33 -> 1.445e+10 | E42: =+$A42*E$33 -> 1.445e+10 | F42: =+$A42*F$33 -> 1.36e+10 | G42: =+$A42*G$33 -> 1.105e+10 | H42: =+$A42*H$33 -> 1.02e+10 | I42: =+$A42*I$33 -> 9.35e+09 | J42: =+$A42*J$33 -> 1.445e+10 | K42: =+$A42*K$33 -> 1.445e+10 | ... O42: =+$A42*O$33 -> 9.35e+09
A43: 120208.15 | B43: 3M | C43: 0.5 | D43: =+$A43*D$33 -> 1.445e+10 | E43: =+$A43*E$33 -> 1.445e+10 | F43: =+$A43*F$33 -> 1.36e+10 | G43: =+$A43*G$33 -> 1.105e+10 | H43: =+$A43*H$33 -> 1.02e+10 | I43: =+$A43*I$33 -> 9.35e+09 | J43: =+$A43*J$33 -> 1.445e+10 | K43: =+$A43*K$33 -> 1.445e+10 | ... O43: =+$A43*O$33 -> 9.35e+09
A44: 113137.08 | B44: 3M | C44: 1 | D44: =+$A44*D$33 -> 1.36e+10 | E44: =+$A44*E$33 -> 1.36e+10 | F44: =+$A44*F$33 -> 12800000000 | G44: =+$A44*G$33 -> 10400000000 | H44: =+$A44*H$33 -> 9600000000 | I44: =+$A44*I$33 -> 8.8e+09 | J44: =+$A44*J$33 -> 1.36e+10 | K44: =+$A44*K$33 -> 1.36e+10 | ... O44: =+$A44*O$33 -> 8.8e+09
A45: 91923.882 | B45: 3M | C45: 2 | D45: =+$A45*D$33 -> 1.105e+10 | E45: =+$A45*E$33 -> 1.105e+10 | F45: =+$A45*F$33 -> 10400000000 | G45: =+$A45*G$33 -> 8.45e+09 | H45: =+$A45*H$33 -> 7.8e+09 | I45: =+$A45*I$33 -> 7.15e+09 | J45: =+$A45*J$33 -> 1.105e+10 | K45: =+$A45*K$33 -> 1.105e+10 | ... O45: =+$A45*O$33 -> 7.15e+09
A46: 84852.814 | B46: 3M | C46: 3 | D46: =+$A46*D$33 -> 1.02e+10 | E46: =+$A46*E$33 -> 1.02e+10 | F46: =+$A46*F$33 -> 9600000000 | G46: =+$A46*G$33 -> 7.8e+09 | H46: =+$A46*H$33 -> 7.2e+09 | I46: =+$A46*I$33 -> 6.6e+09 | J46: =+$A46*J$33 -> 1.02e+10 | K46: =+$A46*K$33 -> 1.02e+10 | ... O46: =+$A46*O$33 -> 6.6e+09
A47: 77781.746 | B47: 3M | C47: 5 | D47: =+$A47*D$33 -> 9.35e+09 | E47: =+$A47*E$33 -> 9.35e+09 | F47: =+$A47*F$33 -> 8.8e+09 | G47: =+$A47*G$33 -> 7.15e+09 | H47: =+$A47*H$33 -> 6.6e+09 | I47: =+$A47*I$33 -> 6.05e+09 | J47: =+$A47*J$33 -> 9.35e+09 | K47: =+$A47*K$33 -> 9.35e+09 | ... O47: =+$A47*O$33 -> 6.05e+09
A50: CAPITAL | C50: =+SQRT(SUMPRODUCT(D20:O31,D36:O47)) -> 1018471.2
A51: Escenario rho | B51: =+correlaciones!$Y$2 -> 1

Sheet delta GIRR 4
A1: Ejemplo 4: sensibilidad a dos curvas de misma divisa y una curva de otra divisa
A3: Delta:
C4: Tenor | D4: 0.25 | E4: 0.5 | F4: 1 | G4: 2 | H4: 3 | I4: 5
A5: Curva EUR | B5: 1M | D5: 1000 | E5: 1000 | F5: 1000 | G5: 1000 | H5: 1000 | I5: 1000
A6: Curva USD | B6: 3M | D6: 1000 | E6: 1000 | F6: 1000 | G6: 1000 | H6: 1000 | I6: 1000
A7: Curva USD | B7: OIS | D7: 1000 | E7: 1000 | F7: 1000 | G7: 1000 | H7: 1000 | I7: 1000
A9: RW: sqrt?
A10: SI | C10: Tenor | D10: 0.25 | E10: 0.5 | F10: 1 | G10: 2 | H10: 3 | I10: 5
A11: =+IF(A10="SI",SQRT(2),1) -> 1.4142136 | C11: RW normal | D11: 170 | E11: 170 | F11: 160 | G11: 130 | H11: 120 | I11: 110
C12: RW premiun | D12: =+D11/$A$11 -> 120.20815 | E12: =+E11/$A$11 -> 120.20815 | F12: =+F11/$A$11 -> 113.13708 | G12: =+G11/$A$11 -> 91.923882 | H12: =+H11/$A$11 -> 84.852814 | I12: =+I11/$A$11 -> 77.781746
A14: Delta x RW | B14: Curva EUR | C14: 1M | D14: =+D12*D5 -> 120208.15 | E14: =+E12*E5 -> 120208.15 | F14: =+F12*F5 -> 113137.08 | G14: =+G12*G5 -> 91923.882 | H14: =+H12*H5 -> 84852.814 | I14: =+I12*I5 -> 77781.746
B15: Curva USD | C15: 3M | D15: =+D12*D6 -> 120208.15 | E15: =+E12*E6 -> 120208.15 | F15: =+F12*F6 -> 113137.08 | G15: =+G12*G6 -> 91923.882 | H15: =+H12*H6 -> 84852.814 | I15: =+I12*I6 -> 77781.746
B16: Curva USD | C16: OIS | D16: =+D12*D7 -> 120208.15 | E16: =+E12*E7 -> 120208.15 | F16: =+F12*F7 -> 113137.08 | G16: =+G12*G7 -> 91923.882 | H16: =+H12*H7 -> 84852.814 | I16: =+I12*I7 -> 77781.746
A18: Correlaciones: | D18: EUR | E18: EUR | F18: EUR | G18: EUR | H18: EUR | I18: EUR | J18: USD | K18: USD | L18: USD | M18: USD | N18: USD | O18: USD | P18: USD | Q18: USD | R18: USD | S18: USD | T18: USD | U18: USD
C19: Curva | D19: {=+TRANSPOSE(B21:B26)} -> 1M | E19: 1M | F19: 1M | G19: 1M | H19: 1M | I19: 1M | J19: 3M | K19: 3M | L19: 3M | M19: 3M | N19: 3M | O19: 3M | P19: OIS | Q19: OIS | R19: OIS | S19: OIS | T19: OIS | U19: OIS
B20: Curva | C20: Tenor | D20: {=+TRANSPOSE(C21:C26)} -> 0.25 | E20: 0.5 | F20: 1 | G20: 2 | H20: 3 | I20: 5 | J20: 0.25 | K20: 0.5 | L20: 1 | M20: 2 | N20: 3 | O20: 5 | P20: 0.25 | Q20: 0.5 | R20: 1 | S20: 2 | T20: 3 | U20: 5
A21: EUR | B21: 1M | C21: 0.25 | D21: =+correlaciones!Z14 -> 1 | E21: =+correlaciones!AA14 -> 0.97044553 | F21: =+correlaciones!AB14 -> 0.91393119 | G21: =+correlaciones!AC14 -> 0.81058425 | H21: =+correlaciones!AD14 -> 0.71892373 | I21: =+correlaciones!AE14 -> 0.56552544 | J21: =0.5*$B$64 -> 0.5 | K21: =0.5*$B$64 -> 0.5 | L21: =0.5*$B$64 -> 0.5 | M21: =0.5*$B$64 -> 0.5 | N21: =0.5*$B$64 -> 0.5 | O21: =0.5*$B$64 -> 0.5 | P21: =0.5*$B$64 -> 0.5 | Q21: =0.5*$B$64 -> 0.5 | ... U21: =0.5*$B$64 -> 0.5
A22: EUR | B22: 1M | C22: 0.5 | D22: =+correlaciones!Z15 -> 0.97044553 | E22: =+correlaciones!AA15 -> 1 | F22: =+correlaciones!AB15 -> 0.97044553 | G22: =+correlaciones!AC15 -> 0.91393119 | H22: =+correlaciones!AD15 -> 0.86070798 | I22: =+correlaciones!AE15 -> 0.76337949 | J22: =0.5*$B$64 -> 0.5 | K22: =0.5*$B$64 -> 0.5 | L22: =0.5*$B$64 -> 0.5 | M22: =0.5*$B$64 -> 0.5 | N22: =0.5*$B$64 -> 0.5 | O22: =0.5*$B$64 -> 0.5 | P22: =0.5*$B$64 -> 0.5 | Q22: =0.5*$B$64 -> 0.5 | ... U22: =0.5*$B$64 -> 0.5
A23: EUR | B23: 1M | C23: 1 | D23: =+correlaciones!Z16 -> 0.91393119 | E23: =+correlaciones!AA16 -> 0.97044553 | F23: =+correlaciones!AB16 -> 1 | G23: =+correlaciones!AC16 -> 0.97044553 | H23: =+correlaciones!AD16 -> 0.94176453 | I23: =+correlaciones!AE16 -> 0.88692044 | J23: =0.5*$B$64 -> 0.5 | K23: =0.5*$B$64 -> 0.5 | L23: =0.5*$B$64 -> 0.5 | M23: =0.5*$B$64 -> 0.5 | N23: =0.5*$B$64 -> 0.5 | O23: =0.5*$B$64 -> 0.5 | P23: =0.5*$B$64 -> 0.5 | Q23: =0.5*$B$64 -> 0.5 | ... U23: =0.5*$B$64 -> 0.5
A24: EUR | B24: 1M | C24: 2 | D24: =+correlaciones!Z17 -> 0.81058425 | E24: =+correlaciones!AA17 -> 0.91393119 | F24: =+correlaciones!AB17 -> 0.97044553 | G24: =+correlaciones!AC17 -> 1 | H24: =+correlaciones!AD17 -> 0.98511194 | I24: =+correlaciones!AE17 -> 0.95599748 | J24: =0.5*$B$64 -> 0.5 | K24: =0.5*$B$64 -> 0.5 | L24: =0.5*$B$64 -> 0.5 | M24: =0.5*$B$64 -> 0.5 | N24: =0.5*$B$64 -> 0.5 | O24: =0.5*$B$64 -> 0.5 | P24: =0.5*$B$64 -> 0.5 | Q24: =0.5*$B$64 -> 0.5 | ... U24: =0.5*$B$64 -> 0.5
A25: EUR | B25: 1M | C25: 3 | D25: =+correlaciones!Z18 -> 0.71892373 | E25: =+correlaciones!AA18 -> 0.86070798 | F25: =+correlaciones!AB18 -> 0.94176453 | G25: =+correlaciones!AC18 -> 0.98511194 | H25: =+correlaciones!AD18 -> 1 | I25: =+correlaciones!AE18 -> 0.98019867 | J25: =0.5*$B$64 -> 0.5 | K25: =0.5*$B$64 -> 0.5 | L25: =0.5*$B$64 -> 0.5 | M25: =0.5*$B$64 -> 0.5 | N25: =0.5*$B$64 -> 0.5 | O25: =0.5*$B$64 -> 0.5 | P25: =0.5*$B$64 -> 0.5 | Q25: =0.5*$B$64 -> 0.5 | ... U25: =0.5*$B$64 -> 0.5
A26: EUR | B26: 1M | C26: 5 | D26: =+correlaciones!Z19 -> 0.56552544 | E26: =+correlaciones!AA19 -> 0.76337949 | F26: =+correlaciones!AB19 -> 0.88692044 | G26: =+correlaciones!AC19 -> 0.95599748 | H26: =+correlaciones!AD19 -> 0.98019867 | I26: =+correlaciones!AE19 -> 1 | J26: =0.5*$B$64 -> 0.5 | K26: =0.5*$B$64 -> 0.5 | L26: =0.5*$B$64 -> 0.5 | M26: =0.5*$B$64 -> 0.5 | N26: =0.5*$B$64 -> 0.5 | O26: =0.5*$B$64 -> 0.5 | P26: =0.5*$B$64 -> 0.5 | Q26: =0.5*$B$64 -> 0.5 | ... U26: =0.5*$B$64 -> 0.5
A27: USD | B27: 3M | C27: 0.25 | D27: =0.5*$B$64 -> 0.5 | E27: =0.5*$B$64 -> 0.5 | F27: =0.5*$B$64 -> 0.5 | G27: =0.5*$B$64 -> 0.5 | H27: =0.5*$B$64 -> 0.5 | I27: =0.5*$B$64 -> 0.5 | J27: ='delta GIRR 2'!D20 -> 1 | K27: ='delta GIRR 2'!E20 -> 0.97044553 | L27: ='delta GIRR 2'!F20 -> 0.91393119 | M27: ='delta GIRR 2'!G20 -> 0.81058425 | N27: ='delta GIRR 2'!H20 -> 0.71892373 | O27: ='delta GIRR 2'!I20 -> 0.56552544 | P27: ='delta GIRR 2'!J20 -> 0.999 | Q27: ='delta GIRR 2'!K20 -> 0.96947509 | ... U27: ='delta GIRR 2'!O20 -> 0.56495991
A28: USD | B28: 3M | C28: 0.5 | D28: =0.5*$B$64 -> 0.5 | E28: =0.5*$B$64 -> 0.5 | F28: =0.5*$B$64 -> 0.5 | G28: =0.5*$B$64 -> 0.5 | H28: =0.5*$B$64 -> 0.5 | I28: =0.5*$B$64 -> 0.5 | J28: ='delta GIRR 2'!D21 -> 0.97044553 | K28: ='delta GIRR 2'!E21 -> 1 | L28: ='delta GIRR 2'!F21 -> 0.97044553 | M28: ='delta GIRR 2'!G21 -> 0.91393119 | N28: ='delta GIRR 2'!H21 -> 0.86070798 | O28: ='delta GIRR 2'!I21 -> 0.76337949 | P28: ='delta GIRR 2'!J21 -> 0.96947509 | Q28: ='delta GIRR 2'!K21 -> 0.999 | ... U28: ='delta GIRR 2'!O21 -> 0.76261611
A29: USD | B29: 3M | C29: 1 | D29: =0.5*$B$64 -> 0.5 | E29: =0.5*$B$64 -> 0.5 | F29: =0.5*$B$64 -> 0.5 | G29: =0.5*$B$64 -> 0.5 | H29: =0.5*$B$64 -> 0.5 | I29: =0.5*$B$64 -> 0.5 | J29: ='delta GIRR 2'!D22 -> 0.91393119 | K29: ='delta GIRR 2'!E22 -> 0.97044553 | L29: ='delta GIRR 2'!F22 -> 1 | M29: ='delta GIRR 2'!G22 -> 0.97044553 | N29: ='delta GIRR 2'!H22 -> 0.94176453 | O29: ='delta GIRR 2'!I22 -> 0.88692044 | P29: ='delta GIRR 2'!J22 -> 0.91301725 | Q29: ='delta GIRR 2'!K22 -> 0.96947509 | ... U29: ='delta GIRR 2'!O22 -> 0.88603352
A30: USD | B30: 3M | C30: 2 | D30: =0.5*$B$64 -> 0.5 | E30: =0.5*$B$64 -> 0.5 | F30: =0.5*$B$64 -> 0.5 | G30: =0.5*$B$64 -> 0.5 | H30: =0.5*$B$64 -> 0.5 | I30: =0.5*$B$64 -> 0.5 | J30: ='delta GIRR 2'!D23 -> 0.81058425 | K30: ='delta GIRR 2'!E23 -> 0.91393119 | L30: ='delta GIRR 2'!F23 -> 0.97044553 | M30: ='delta GIRR 2'!G23 -> 1 | N30: ='delta GIRR 2'!H23 -> 0.98511194 | O30: ='delta GIRR 2'!I23 -> 0.95599748 | P30: ='delta GIRR 2'!J23 -> 0.80977366 | Q30: ='delta GIRR 2'!K23 -> 0.91301725 | ... U30: ='delta GIRR 2'!O23 -> 0.95504148
A31: USD | B31: 3M | C31: 3 | D31: =0.5*$B$64 -> 0.5 | E31: =0.5*$B$64 -> 0.5 | F31: =0.5*$B$64 -> 0.5 | G31: =0.5*$B$64 -> 0.5 | H31: =0.5*$B$64 -> 0.5 | I31: =0.5*$B$64 -> 0.5 | J31: ='delta GIRR 2'!D24 -> 0.71892373 | K31: ='delta GIRR 2'!E24 -> 0.86070798 | L31: ='delta GIRR 2'!F24 -> 0.94176453 | M31: ='delta GIRR 2'!G24 -> 0.98511194 | N31: ='delta GIRR 2'!H24 -> 1 | O31: ='delta GIRR 2'!I24 -> 0.98019867 | P31: ='delta GIRR 2'!J24 -> 0.71820481 | Q31: ='delta GIRR 2'!K24 -> 0.85984727 | ... U31: ='delta GIRR 2'!O24 -> 0.97921847
A32: USD | B32: 3M | C32: 5 | D32: =0.5*$B$64 -> 0.5 | E32: =0.5*$B$64 -> 0.5 | F32: =0.5*$B$64 -> 0.5 | G32: =0.5*$B$64 -> 0.5 | H32: =0.5*$B$64 -> 0.5 | I32: =0.5*$B$64 -> 0.5 | J32: ='delta GIRR 2'!D25 -> 0.56552544 | K32: ='delta GIRR 2'!E25 -> 0.76337949 | L32: ='delta GIRR 2'!F25 -> 0.88692044 | M32: ='delta GIRR 2'!G25 -> 0.95599748 | N32: ='delta GIRR 2'!H25 -> 0.98019867 | O32: ='delta GIRR 2'!I25 -> 1 | P32: ='delta GIRR 2'!J25 -> 0.56495991 | Q32: ='delta GIRR 2'!K25 -> 0.76261611 | ... U32: ='delta GIRR 2'!O25 -> 0.999
A33: USD | B33: OIS | C33: 0.25 | D33: =0.5*$B$64 -> 0.5 | E33: =0.5*$B$64 -> 0.5 | F33: =0.5*$B$64 -> 0.5 | G33: =0.5*$B$64 -> 0.5 | H33: =0.5*$B$64 -> 0.5 | I33: =0.5*$B$64 -> 0.5 | J33: ='delta GIRR 2'!D26 -> 0.999 | K33: ='delta GIRR 2'!E26 -> 0.96947509 | L33: ='delta GIRR 2'!F26 -> 0.91301725 | M33: ='delta GIRR 2'!G26 -> 0.80977366 | N33: ='delta GIRR 2'!H26 -> 0.71820481 | O33: ='delta GIRR 2'!I26 -> 0.56495991 | P33: ='delta GIRR 2'!J26 -> 1 | Q33: ='delta GIRR 2'!K26 -> 0.97044553 | ... U33: ='delta GIRR 2'!O26 -> 0.56552544
A34: USD | B34: OIS | C34: 0.5 | D34: =0.5*$B$64 -> 0.5 | E34: =0.5*$B$64 -> 0.5 | F34: =0.5*$B$64 -> 0.5 | G34: =0.5*$B$64 -> 0.5 | H34: =0.5*$B$64 -> 0.5 | I34: =0.5*$B$64 -> 0.5 | J34: ='delta GIRR 2'!D27 -> 0.96947509 | K34: ='delta GIRR 2'!E27 -> 0.999 | L34: ='delta GIRR 2'!F27 -> 0.96947509 | M34: ='delta GIRR 2'!G27 -> 0.91301725 | N34: ='delta GIRR 2'!H27 -> 0.85984727 | O34: ='delta GIRR 2'!I27 -> 0.76261611 | P34: ='delta GIRR 2'!J27 -> 0.97044553 | Q34: ='delta GIRR 2'!K27 -> 1 | ... U34: ='delta GIRR 2'!O27 -> 0.76337949
A35: USD | B35: OIS | C35: 1 | D35: =0.5*$B$64 -> 0.5 | E35: =0.5*$B$64 -> 0.5 | F35: =0.5*$B$64 -> 0.5 | G35: =0.5*$B$64 -> 0.5 | H35: =0.5*$B$64 -> 0.5 | I35: =0.5*$B$64 -> 0.5 | J35: ='delta GIRR 2'!D28 -> 0.91301725 | K35: ='delta GIRR 2'!E28 -> 0.96947509 | L35: ='delta GIRR 2'!F28 -> 0.999 | M35: ='delta GIRR 2'!G28 -> 0.96947509 | N35: ='delta GIRR 2'!H28 -> 0.94082277 | O35: ='delta GIRR 2'!I28 -> 0.88603352 | P35: ='delta GIRR 2'!J28 -> 0.91393119 | Q35: ='delta GIRR 2'!K28 -> 0.97044553 | ... U35: ='delta GIRR 2'!O28 -> 0.88692044
A36: USD | B36: OIS | C36: 2 | D36: =0.5*$B$64 -> 0.5 | E36: =0.5*$B$64 -> 0.5 | F36: =0.5*$B$64 -> 0.5 | G36: =0.5*$B$64 -> 0.5 | H36: =0.5*$B$64 -> 0.5 | I36: =0.5*$B$64 -> 0.5 | J36: ='delta GIRR 2'!D29 -> 0.80977366 | K36: ='delta GIRR 2'!E29 -> 0.91301725 | L36: ='delta GIRR 2'!F29 -> 0.96947509 | M36: ='delta GIRR 2'!G29 -> 0.999 | N36: ='delta GIRR 2'!H29 -> 0.98412683 | O36: ='delta GIRR 2'!I29 -> 0.95504148 | P36: ='delta GIRR 2'!J29 -> 0.81058425 | Q36: ='delta GIRR 2'!K29 -> 0.91393119 | ... U36: ='delta GIRR 2'!O29 -> 0.95599748
A37: USD | B37: OIS | C37: 3 | D37: =0.5*$B$64 -> 0.5 | E37: =0.5*$B$64 -> 0.5 | F37: =0.5*$B$64 -> 0.5 | G37: =0.5*$B$64 -> 0.5 | H37: =0.5*$B$64 -> 0.5 | I37: =0.5*$B$64 -> 0.5 | J37: ='delta GIRR 2'!D30 -> 0.71820481 | K37: ='delta GIRR 2'!E30 -> 0.85984727 | L37: ='delta GIRR 2'!F30 -> 0.94082277 | M37: ='delta GIRR 2'!G30 -> 0.98412683 | N37: ='delta GIRR 2'!H30 -> 0.999 | O37: ='delta GIRR 2'!I30 -> 0.97921847 | P37: ='delta GIRR 2'!J30 -> 0.71892373 | Q37: ='delta GIRR 2'!K30 -> 0.86070798 | ... U37: ='delta GIRR 2'!O30 -> 0.98019867
A38: USD | B38: OIS | C38: 5 | D38: =0.5*$B$64 -> 0.5 | E38: =0.5*$B$64 -> 0.5 | F38: =0.5*$B$64 -> 0.5 | G38: =0.5*$B$64 -> 0.5 | H38: =0.5*$B$64 -> 0.5 | I38: =0.5*$B$64 -> 0.5 | J38: ='delta GIRR 2'!D31 -> 0.56495991 | K38: ='delta GIRR 2'!E31 -> 0.76261611 | L38: ='delta GIRR 2'!F31 -> 0.88603352 | M38: ='delta GIRR 2'!G31 -> 0.95504148 | N38: ='delta GIRR 2'!H31 -> 0.97921847 | O38: ='delta GIRR 2'!I31 -> 0.999 | P38: ='delta GIRR 2'!J31 -> 0.56552544 | Q38: ='delta GIRR 2'!K31 -> 0.76337949 | ... U38: ='delta GIRR 2'!O31 -> 1
A40: Kb: | D40: =+D14 -> 120208.15 | E40: =+E14 -> 120208.15 | F40: =+F14 -> 113137.08 | G40: =+G14 -> 91923.882 | H40: =+H14 -> 84852.814 | I40: =+I14 -> 77781.746 | J40: =+D15 -> 120208.15 | K40: =+E15 -> 120208.15 | L40: =+F15 -> 113137.08 | M40: =+G15 -> 91923.882 | N40: =+H15 -> 84852.814 | O40: =+I15 -> 77781.746 | P40: =+D16 -> 120208.15 | Q40: =+E16 -> 120208.15 | R40: =+F16 -> 113137.08 | S40: =+G16 -> 91923.882 | T40: =+H16 -> 84852.814 | U40: =+I16 -> 77781.746
C41: Curva | D41: {=+TRANSPOSE(B43:B48)} -> 1M | E41: 1M | F41: 1M | G41: 1M | H41: 1M | I41: 1M | J41: 3M | K41: 3M | L41: 3M | M41: 3M | N41: 3M | O41: 3M | P41: OIS | Q41: OIS | R41: OIS | S41: OIS | T41: OIS | U41: OIS
B42: Curva | C42: Tenor | D42: {=+TRANSPOSE(C43:C48)} -> 0.25 | E42: 0.5 | F42: 1 | G42: 2 | H42: 3 | I42: 5 | J42: 0.25 | K42: 0.5 | L42: 1 | M42: 2 | N42: 3 | O42: 5 | P42: 0.25 | Q42: 0.5 | R42: 1 | S42: 2 | T42: 3 | U42: 5
A43: {=+TRANSPOSE(D40:U40)} -> 120208.15 | B43: 1M | C43: 0.25 | D43: =+$A43*D$40 -> 1.445e+10 | E43: =+$A43*E$40 -> 1.445e+10 | F43: =+$A43*F$40 -> 1.36e+10 | G43: =+$A43*G$40 -> 1.105e+10 | H43: =+$A43*H$40 -> 1.02e+10 | I43: =+$A43*I$40 -> 9.35e+09 | J43: =+$A43*J$40 -> 1.445e+10 | K43: =+$A43*K$40 -> 1.445e+10 | ... U43: =+$A43*U$40 -> 9.35e+09
A44: 120208.15 | B44: 1M | C44: 0.5 | D44: =+$A44*D$40 -> 1.445e+10 | E44: =+$A44*E$40 -> 1.445e+10 | F44: =+$A44*F$40 -> 1.36e+10 | G44: =+$A44*G$40 -> 1.105e+10 | H44: =+$A44*H$40 -> 1.02e+10 | I44: =+$A44*I$40 -> 9.35e+09 | J44: =+$A44*J$40 -> 1.445e+10 | K44: =+$A44*K$40 -> 1.445e+10 | ... U44: =+$A44*U$40 -> 9.35e+09
A45: 113137.08 | B45: 1M | C45: 1 | D45: =+$A45*D$40 -> 1.36e+10 | E45: =+$A45*E$40 -> 1.36e+10 | F45: =+$A45*F$40 -> 12800000000 | G45: =+$A45*G$40 -> 10400000000 | H45: =+$A45*H$40 -> 9600000000 | I45: =+$A45*I$40 -> 8.8e+09 | J45: =+$A45*J$40 -> 1.36e+10 | K45: =+$A45*K$40 -> 1.36e+10 | ... U45: =+$A45*U$40 -> 8.8e+09
A46: 91923.882 | B46: 1M | C46: 2 | D46: =+$A46*D$40 -> 1.105e+10 | E46: =+$A46*E$40 -> 1.105e+10 | F46: =+$A46*F$40 -> 10400000000 | G46: =+$A46*G$40 -> 8.45e+09 | H46: =+$A46*H$40 -> 7.8e+09 | I46: =+$A46*I$40 -> 7.15e+09 | J46: =+$A46*J$40 -> 1.105e+10 | K46: =+$A46*K$40 -> 1.105e+10 | ... U46: =+$A46*U$40 -> 7.15e+09
A47: 84852.814 | B47: 1M | C47: 3 | D47: =+$A47*D$40 -> 1.02e+10 | E47: =+$A47*E$40 -> 1.02e+10 | F47: =+$A47*F$40 -> 9600000000 | G47: =+$A47*G$40 -> 7.8e+09 | H47: =+$A47*H$40 -> 7.2e+09 | I47: =+$A47*I$40 -> 6.6e+09 | J47: =+$A47*J$40 -> 1.02e+10 | K47: =+$A47*K$40 -> 1.02e+10 | ... U47: =+$A47*U$40 -> 6.6e+09
A48: 77781.746 | B48: 1M | C48: 5 | D48: =+$A48*D$40 -> 9.35e+09 | E48: =+$A48*E$40 -> 9.35e+09 | F48: =+$A48*F$40 -> 8.8e+09 | G48: =+$A48*G$40 -> 7.15e+09 | H48: =+$A48*H$40 -> 6.6e+09 | I48: =+$A48*I$40 -> 6.05e+09 | J48: =+$A48*J$40 -> 9.35e+09 | K48: =+$A48*K$40 -> 9.35e+09 | ... U48: =+$A48*U$40 -> 6.05e+09
A49: 120208.15 | B49: 3M | C49: 0.25 | D49: =+$A49*D$40 -> 1.445e+10 | E49: =+$A49*E$40 -> 1.445e+10 | F49: =+$A49*F$40 -> 1.36e+10 | G49: =+$A49*G$40 -> 1.105e+10 | H49: =+$A49*H$40 -> 1.02e+10 | I49: =+$A49*I$40 -> 9.35e+09 | J49: =+$A49*J$40 -> 1.445e+10 | K49: =+$A49*K$40 -> 1.445e+10 | ... U49: =+$A49*U$40 -> 9.35e+09
A50: 120208.15 | B50: 3M | C50: 0.5 | D50: =+$A50*D$40 -> 1.445e+10 | E50: =+$A50*E$40 -> 1.445e+10 | F50: =+$A50*F$40 -> 1.36e+10 | G50: =+$A50*G$40 -> 1.105e+10 | H50: =+$A50*H$40 -> 1.02e+10 | I50: =+$A50*I$40 -> 9.35e+09 | J50: =+$A50*J$40 -> 1.445e+10 | K50: =+$A50*K$40 -> 1.445e+10 | ... U50: =+$A50*U$40 -> 9.35e+09
A51: 113137.08 | B51: 3M | C51: 1 | D51: =+$A51*D$40 -> 1.36e+10 | E51: =+$A51*E$40 -> 1.36e+10 | F51: =+$A51*F$40 -> 12800000000 | G51: =+$A51*G$40 -> 10400000000 | H51: =+$A51*H$40 -> 9600000000 | I51: =+$A51*I$40 -> 8.8e+09 | J51: =+$A51*J$40 -> 1.36e+10 | K51: =+$A51*K$40 -> 1.36e+10 | ... U51: =+$A51*U$40 -> 8.8e+09
A52: 91923.882 | B52: 3M | C52: 2 | D52: =+$A52*D$40 -> 1.105e+10 | E52: =+$A52*E$40 -> 1.105e+10 | F52: =+$A52*F$40 -> 10400000000 | G52: =+$A52*G$40 -> 8.45e+09 | H52: =+$A52*H$40 -> 7.8e+09 | I52: =+$A52*I$40 -> 7.15e+09 | J52: =+$A52*J$40 -> 1.105e+10 | K52: =+$A52*K$40 -> 1.105e+10 | ... U52: =+$A52*U$40 -> 7.15e+09
A53: 84852.814 | B53: 3M | C53: 3 | D53: =+$A53*D$40 -> 1.02e+10 | E53: =+$A53*E$40 -> 1.02e+10 | F53: =+$A53*F$40 -> 9600000000 | G53: =+$A53*G$40 -> 7.8e+09 | H53: =+$A53*H$40 -> 7.2e+09 | I53: =+$A53*I$40 -> 6.6e+09 | J53: =+$A53*J$40 -> 1.02e+10 | K53: =+$A53*K$40 -> 1.02e+10 | ... U53: =+$A53*U$40 -> 6.6e+09
A54: 77781.746 | B54: 3M | C54: 5 | D54: =+$A54*D$40 -> 9.35e+09 | E54: =+$A54*E$40 -> 9.35e+09 | F54: =+$A54*F$40 -> 8.8e+09 | G54: =+$A54*G$40 -> 7.15e+09 | H54: =+$A54*H$40 -> 6.6e+09 | I54: =+$A54*I$40 -> 6.05e+09 | J54: =+$A54*J$40 -> 9.35e+09 | K54: =+$A54*K$40 -> 9.35e+09 | ... U54: =+$A54*U$40 -> 6.05e+09
A55: 120208.15 | B55: OIS | C55: 0.25 | D55: =+$A55*D$40 -> 1.445e+10 | E55: =+$A55*E$40 -> 1.445e+10 | F55: =+$A55*F$40 -> 1.36e+10 | G55: =+$A55*G$40 -> 1.105e+10 | H55: =+$A55*H$40 -> 1.02e+10 | I55: =+$A55*I$40 -> 9.35e+09 | J55: =+$A55*J$40 -> 1.445e+10 | K55: =+$A55*K$40 -> 1.445e+10 | ... U55: =+$A55*U$40 -> 9.35e+09
... A60: 77781.746 | B60: OIS | C60: 5 | D60: =+$A60*D$40 -> 9.35e+09 | E60: =+$A60*E$40 -> 9.35e+09 | F60: =+$A60*F$40 -> 8.8e+09 | G60: =+$A60*G$40 -> 7.15e+09 | H60: =+$A60*H$40 -> 6.6e+09 | I60: =+$A60*I$40 -> 6.05e+09 | J60: =+$A60*J$40 -> 9.35e+09 | K60: =+$A60*K$40 -> 9.35e+09 | ... U60: =+$A60*U$40 -> 6.05e+09
A63: CAPITAL | C63: =+SQRT(SUMPRODUCT(D21:U38,D43:U60)) -> 1551657.7
A64: Escenario rho | B64: =+correlaciones!$Y$2 -> 1

Sheet delta GIRR 5
A1: Ejemplo 5: sensibilidad a dos curvas de diferente divisa e inflacion EUR
A3: Delta:
C4: Tenor | D4: 0.25 | E4: 0.5 | F4: 1 | G4: 2 | H4: 3 | I4: 5
A5: Curva EUR | B5: 1M
A6: Curva USD | B6: 3M | D6: 1000 | E6: 1000 | F6: 1000 | G6: 1000 | H6: 1000
A7: Inflacion EUR | B7: Inflacion | D7: 6000
A9: RW: sqrt?
A10: SI | C10: Tenor | D10: 0.25 | E10: 0.5 | F10: 1 | G10: 2 | H10: 3 | I10: 5
A11: =+IF(A10="SI",SQRT(2),1) -> 1.4142136 | C11: RW normal | D11: 170 | E11: 170 | F11: 160 | G11: 130 | H11: 120 | I11: 110
C12: RW premiun | D12: =+D11/$A$11 -> 120.20815 | E12: =+E11/$A$11 -> 120.20815 | F12: =+F11/$A$11 -> 113.13708 | G12: =+G11/$A$11 -> 91.923882 | H12: =+H11/$A$11 -> 84.852814 | I12: =+I11/$A$11 -> 77.781746
A14: Delta x RW | B14: Curva EUR | C14: 1M | D14: =+D12*D5 -> 0 | E14: =+E12*E5 -> 0 | F14: =+F12*F5 -> 0 | G14: =+G12*G5 -> 0 | H14: =+H12*H5 -> 0 | I14: =+I12*I5 -> 0
B15: Curva USD | C15: 3M | D15: =+D12*D6 -> 120208.15 | E15: =+E12*E6 -> 120208.15 | F15: =+F12*F6 -> 113137.08 | G15: =+G12*G6 -> 91923.882 | H15: =+H12*H6 -> 84852.814 | I15: =+I12*I6 -> 0
B16: Inflacion EUR | C16: Inflacion | D16: =+SUM(D7:I7)*160/A11 -> 678822.51 | E16: 0 | F16: 0 | G16: 0 | H16: 0 | I16: 0
A18: Correlaciones: | D18: EUR | E18: EUR | F18: EUR | G18: EUR | H18: EUR | I18: EUR | J18: USD | K18: USD | L18: USD | M18: USD | N18: USD | O18: USD | P18: Inflacion | Q18: Inflacion | R18: Inflacion | S18: Inflacion | T18: Inflacion | U18: Inflacion
C19: Curva | D19: {=+TRANSPOSE(B21:B26)} -> 1M | E19: 1M | F19: 1M | G19: 1M | H19: 1M | I19: 1M | J19: 3M | K19: 3M | L19: 3M | M19: 3M | N19: 3M | O19: 3M | P19: Inflacion | Q19: Inflacion | R19: Inflacion | S19: Inflacion | T19: Inflacion | U19: Inflacion
B20: Curva | C20: Tenor | D20: {=+TRANSPOSE(C21:C26)} -> 0.25 | E20: 0.5 | F20: 1 | G20: 2 | H20: 3 | I20: 5 | J20: 0.25 | K20: 0.5 | L20: 1 | M20: 2 | N20: 3 | O20: 5 | P20: 0.25 | Q20: 0.5 | R20: 1 | S20: 2 | T20: 3 | U20: 5
A21: EUR | B21: 1M | C21: 0.25 | D21: =+correlaciones!Z14 -> 1 | E21: =+correlaciones!AA14 -> 0.97044553 | F21: =+correlaciones!AB14 -> 0.91393119 | G21: =+correlaciones!AC14 -> 0.81058425 | H21: =+correlaciones!AD14 -> 0.71892373 | I21: =+correlaciones!AE14 -> 0.56552544 | J21: =0.5*$B$64 -> 0.5 | K21: =0.5*$B$64 -> 0.5 | L21: =0.5*$B$64 -> 0.5 | M21: =0.5*$B$64 -> 0.5 | N21: =0.5*$B$64 -> 0.5 | O21: =0.5*$B$64 -> 0.5 | P21: =0.4*$B$64 -> 0.4 | Q21: =0.4*$B$64 -> 0.4 | R21: =0.4*$B$64 -> 0.4 | S21: =0.4*$B$64 -> 0.4 | T21: =0.4*$B$64 -> 0.4 | U21: =0.4*$B$64 -> 0.4
A22: EUR | B22: 1M | C22: 0.5 | D22: =+correlaciones!Z15 -> 0.97044553 | E22: =+correlaciones!AA15 -> 1 | F22: =+correlaciones!AB15 -> 0.97044553 | G22: =+correlaciones!AC15 -> 0.91393119 | H22: =+correlaciones!AD15 -> 0.86070798 | I22: =+correlaciones!AE15 -> 0.76337949 | J22: =0.5*$B$64 -> 0.5 | K22: =0.5*$B$64 -> 0.5 | L22: =0.5*$B$64 -> 0.5 | M22: =0.5*$B$64 -> 0.5 | N22: =0.5*$B$64 -> 0.5 | O22: =0.5*$B$64 -> 0.5 | P22: =0.4*$B$64 -> 0.4 | Q22: =0.4*$B$64 -> 0.4 | R22: =0.4*$B$64 -> 0.4 | S22: =0.4*$B$64 -> 0.4 | T22: =0.4*$B$64 -> 0.4 | U22: =0.4*$B$64 -> 0.4
A23: EUR | B23: 1M | C23: 1 | D23: =+correlaciones!Z16 -> 0.91393119 | E23: =+correlaciones!AA16 -> 0.97044553 | F23: =+correlaciones!AB16 -> 1 | G23: =+correlaciones!AC16 -> 0.97044553 | H23: =+correlaciones!AD16 -> 0.94176453 | I23: =+correlaciones!AE16 -> 0.88692044 | J23: =0.5*$B$64 -> 0.5 | K23: =0.5*$B$64 -> 0.5 | L23: =0.5*$B$64 -> 0.5 | M23: =0.5*$B$64 -> 0.5 | N23: =0.5*$B$64 -> 0.5 | O23: =0.5*$B$64 -> 0.5 | P23: =0.4*$B$64 -> 0.4 | Q23: =0.4*$B$64 -> 0.4 | R23: =0.4*$B$64 -> 0.4 | S23: =0.4*$B$64 -> 0.4 | T23: =0.4*$B$64 -> 0.4 | U23: =0.4*$B$64 -> 0.4
A24: EUR | B24: 1M | C24: 2 | D24: =+correlaciones!Z17 -> 0.81058425 | E24: =+correlaciones!AA17 -> 0.91393119 | F24: =+correlaciones!AB17 -> 0.97044553 | G24: =+correlaciones!AC17 -> 1 | H24: =+correlaciones!AD17 -> 0.98511194 | I24: =+correlaciones!AE17 -> 0.95599748 | J24: =0.5*$B$64 -> 0.5 | K24: =0.5*$B$64 -> 0.5 | L24: =0.5*$B$64 -> 0.5 | M24: =0.5*$B$64 -> 0.5 | N24: =0.5*$B$64 -> 0.5 | O24: =0.5*$B$64 -> 0.5 | P24: =0.4*$B$64 -> 0.4 | Q24: =0.4*$B$64 -> 0.4 | R24: =0.4*$B$64 -> 0.4 | S24: =0.4*$B$64 -> 0.4 | T24: =0.4*$B$64 -> 0.4 | U24: =0.4*$B$64 -> 0.4
A25: EUR | B25: 1M | C25: 3 | D25: =+correlaciones!Z18 -> 0.71892373 | E25: =+correlaciones!AA18 -> 0.86070798 | F25: =+correlaciones!AB18 -> 0.94176453 | G25: =+correlaciones!AC18 -> 0.98511194 | H25: =+correlaciones!AD18 -> 1 | I25: =+correlaciones!AE18 -> 0.98019867 | J25: =0.5*$B$64 -> 0.5 | K25: =0.5*$B$64 -> 0.5 | L25: =0.5*$B$64 -> 0.5 | M25: =0.5*$B$64 -> 0.5 | N25: =0.5*$B$64 -> 0.5 | O25: =0.5*$B$64 -> 0.5 | P25: =0.4*$B$64 -> 0.4 | Q25: =0.4*$B$64 -> 0.4 | R25: =0.4*$B$64 -> 0.4 | S25: =0.4*$B$64 -> 0.4 | T25: =0.4*$B$64 -> 0.4 | U25: =0.4*$B$64 -> 0.4
A26: EUR | B26: 1M | C26: 5 | D26: =+correlaciones!Z19 -> 0.56552544 | E26: =+correlaciones!AA19 -> 0.76337949 | F26: =+correlaciones!AB19 -> 0.88692044 | G26: =+correlaciones!AC19 -> 0.95599748 | H26: =+correlaciones!AD19 -> 0.98019867 | I26: =+correlaciones!AE19 -> 1 | J26: =0.5*$B$64 -> 0.5 | K26: =0.5*$B$64 -> 0.5 | L26: =0.5*$B$64 -> 0.5 | M26: =0.5*$B$64 -> 0.5 | N26: =0.5*$B$64 -> 0.5 | O26: =0.5*$B$64 -> 0.5 | P26: =0.4*$B$64 -> 0.4 | Q26: =0.4*$B$64 -> 0.4 | R26: =0.4*$B$64 -> 0.4 | S26: =0.4*$B$64 -> 0.4 | T26: =0.4*$B$64 -> 0.4 | U26: =0.4*$B$64 -> 0.4
A27: USD | B27: 3M | C27: 0.25 | D27: =0.5*$B$64 -> 0.5 | E27: =0.5*$B$64 -> 0.5 | F27: =0.5*$B$64 -> 0.5 | G27: =0.5*$B$64 -> 0.5 | H27: =0.5*$B$64 -> 0.5 | I27: =0.5*$B$64 -> 0.5 | J27: =+correlaciones!AJ24 -> 1 | K27: =+correlaciones!AK24 -> 0.97044553 | L27: =+correlaciones!AL24 -> 0.91393119 | M27: =+correlaciones!AM24 -> 0.81058425 | N27: =+correlaciones!AN24 -> 0.71892373 | O27: =+correlaciones!AO24 -> 0.56552544 | P27: =0.5*$B$64 -> 0.5 | Q27: =0.5*$B$64 -> 0.5 | R27: =0.5*$B$64 -> 0.5 | S27: =0.5*$B$64 -> 0.5 | T27: =0.5*$B$64 -> 0.5 | U27: =0.5*$B$64 -> 0.5
A28: USD | B28: 3M | C28: 0.5 | D28: =0.5*$B$64 -> 0.5 | E28: =0.5*$B$64 -> 0.5 | F28: =0.5*$B$64 -> 0.5 | G28: =0.5*$B$64 -> 0.5 | H28: =0.5*$B$64 -> 0.5 | I28: =0.5*$B$64 -> 0.5 | J28: =+correlaciones!AJ25 -> 0.97044553 | K28: =+correlaciones!AK25 -> 1 | L28: =+correlaciones!AL25 -> 0.97044553 | M28: =+correlaciones!AM25 -> 0.91393119 | N28: =+correlaciones!AN25 -> 0.86070798 | O28: =+correlaciones!AO25 -> 0.76337949 | P28: =0.5*$B$64 -> 0.5 | Q28: =0.5*$B$64 -> 0.5 | R28: =0.5*$B$64 -> 0.5 | S28: =0.5*$B$64 -> 0.5 | T28: =0.5*$B$64 -> 0.5 | U28: =0.5*$B$64 -> 0.5
A29: USD | B29: 3M | C29: 1 | D29: =0.5*$B$64 -> 0.5 | E29: =0.5*$B$64 -> 0.5 | F29: =0.5*$B$64 -> 0.5 | G29: =0.5*$B$64 -> 0.5 | H29: =0.5*$B$64 -> 0.5 | I29: =0.5*$B$64 -> 0.5 | J29: =+correlaciones!AJ26 -> 0.91393119 | K29: =+correlaciones!AK26 -> 0.97044553 | L29: =+correlaciones!AL26 -> 1 | M29: =+correlaciones!AM26 -> 0.97044553 | N29: =+correlaciones!AN26 -> 0.94176453 | O29: =+correlaciones!AO26 -> 0.88692044 | P29: =0.5*$B$64 -> 0.5 | Q29: =0.5*$B$64 -> 0.5 | R29: =0.5*$B$64 -> 0.5 | S29: =0.5*$B$64 -> 0.5 | T29: =0.5*$B$64 -> 0.5 | U29: =0.5*$B$64 -> 0.5
A30: USD | B30: 3M | C30: 2 | D30: =0.5*$B$64 -> 0.5 | E30: =0.5*$B$64 -> 0.5 | F30: =0.5*$B$64 -> 0.5 | G30: =0.5*$B$64 -> 0.5 | H30: =0.5*$B$64 -> 0.5 | I30: =0.5*$B$64 -> 0.5 | J30: =+correlaciones!AJ27 -> 0.81058425 | K30: =+correlaciones!AK27 -> 0.91393119 | L30: =+correlaciones!AL27 -> 0.97044553 | M30: =+correlaciones!AM27 -> 1 | N30: =+correlaciones!AN27 -> 0.98511194 | O30: =+correlaciones!AO27 -> 0.95599748 | P30: =0.5*$B$64 -> 0.5 | Q30: =0.5*$B$64 -> 0.5 | R30: =0.5*$B$64 -> 0.5 | S30: =0.5*$B$64 -> 0.5 | T30: =0.5*$B$64 -> 0.5 | U30: =0.5*$B$64 -> 0.5
A31: USD | B31: 3M | C31: 3 | D31: =0.5*$B$64 -> 0.5 | E31: =0.5*$B$64 -> 0.5 | F31: =0.5*$B$64 -> 0.5 | G31: =0.5*$B$64 -> 0.5 | H31: =0.5*$B$64 -> 0.5 | I31: =0.5*$B$64 -> 0.5 | J31: =+correlaciones!AJ28 -> 0.71892373 | K31: =+correlaciones!AK28 -> 0.86070798 | L31: =+correlaciones!AL28 -> 0.94176453 | M31: =+correlaciones!AM28 -> 0.98511194 | N31: =+correlaciones!AN28 -> 1 | O31: =+correlaciones!AO28 -> 0.98019867 | P31: =0.5*$B$64 -> 0.5 | Q31: =0.5*$B$64 -> 0.5 | R31: =0.5*$B$64 -> 0.5 | S31: =0.5*$B$64 -> 0.5 | T31: =0.5*$B$64 -> 0.5 | U31: =0.5*$B$64 -> 0.5
A32: USD | B32: 3M | C32: 5 | D32: =0.5*$B$64 -> 0.5 | E32: =0.5*$B$64 -> 0.5 | F32: =0.5*$B$64 -> 0.5 | G32: =0.5*$B$64 -> 0.5 | H32: =0.5*$B$64 -> 0.5 | I32: =0.5*$B$64 -> 0.5 | J32: =+correlaciones!AJ29 -> 0.56552544 | K32: =+correlaciones!AK29 -> 0.76337949 | L32: =+correlaciones!AL29 -> 0.88692044 | M32: =+correlaciones!AM29 -> 0.95599748 | N32: =+correlaciones!AN29 -> 0.98019867 | O32: =+correlaciones!AO29 -> 1 | P32: =0.5*$B$64 -> 0.5 | Q32: =0.5*$B$64 -> 0.5 | R32: =0.5*$B$64 -> 0.5 | S32: =0.5*$B$64 -> 0.5 | T32: =0.5*$B$64 -> 0.5 | U32: =0.5*$B$64 -> 0.5
A33: Inflac EUR | B33: Inflacion | C33: 0.25 | D33: =0.4*$B$64 -> 0.4 | E33: =0.4*$B$64 -> 0.4 | F33: =0.4*$B$64 -> 0.4 | G33: =0.4*$B$64 -> 0.4 | H33: =0.4*$B$64 -> 0.4 | I33: =0.4*$B$64 -> 0.4 | J33: =0.5*$B$64 -> 0.5 | K33: =0.5*$B$64 -> 0.5 | L33: =0.5*$B$64 -> 0.5 | M33: =0.5*$B$64 -> 0.5 | N33: =0.5*$B$64 -> 0.5 | O33: =0.5*$B$64 -> 0.5 | P33: 1 | Q33: 1 | R33: 1 | S33: 1 | T33: 1 | U33: 1
A34: Inflac EUR | B34: Inflacion | C34: 0.5 | D34: =0.4*$B$64 -> 0.4 | E34: =0.4*$B$64 -> 0.4 | F34: =0.4*$B$64 -> 0.4 | G34: =0.4*$B$64 -> 0.4 | H34: =0.4*$B$64 -> 0.4 | I34: =0.4*$B$64 -> 0.4 | J34: =0.5*$B$64 -> 0.5 | K34: =0.5*$B$64 -> 0.5 | L34: =0.5*$B$64 -> 0.5 | M34: =0.5*$B$64 -> 0.5 | N34: =0.5*$B$64 -> 0.5 | O34: =0.5*$B$64 -> 0.5 | P34: 1 | Q34: 1 | R34: 1 | S34: 1 | T34: 1 | U34: 1
A35: Inflac EUR | B35: Inflacion | C35: 1 | D35: =0.4*$B$64 -> 0.4 | E35: =0.4*$B$64 -> 0.4 | F35: =0.4*$B$64 -> 0.4 | G35: =0.4*$B$64 -> 0.4 | H35: =0.4*$B$64 -> 0.4 | I35: =0.4*$B$64 -> 0.4 | J35: =0.5*$B$64 -> 0.5 | K35: =0.5*$B$64 -> 0.5 | L35: =0.5*$B$64 -> 0.5 | M35: =0.5*$B$64 -> 0.5 | N35: =0.5*$B$64 -> 0.5 | O35: =0.5*$B$64 -> 0.5 | P35: 1 | Q35: 1 | R35: 1 | S35: 1 | T35: 1 | U35: 1
A36: Inflac EUR | B36: Inflacion | C36: 2 | D36: =0.4*$B$64 -> 0.4 | E36: =0.4*$B$64 -> 0.4 | F36: =0.4*$B$64 -> 0.4 | G36: =0.4*$B$64 -> 0.4 | H36: =0.4*$B$64 -> 0.4 | I36: =0.4*$B$64 -> 0.4 | J36: =0.5*$B$64 -> 0.5 | K36: =0.5*$B$64 -> 0.5 | L36: =0.5*$B$64 -> 0.5 | M36: =0.5*$B$64 -> 0.5 | N36: =0.5*$B$64 -> 0.5 | O36: =0.5*$B$64 -> 0.5 | P36: 1 | Q36: 1 | R36: 1 | S36: 1 | T36: 1 | U36: 1
A37: Inflac EUR | B37: Inflacion | C37: 3 | D37: =0.4*$B$64 -> 0.4 | E37: =0.4*$B$64 -> 0.4 | F37: =0.4*$B$64 -> 0.4 | G37: =0.4*$B$64 -> 0.4 | H37: =0.4*$B$64 -> 0.4 | I37: =0.4*$B$64 -> 0.4 | J37: =0.5*$B$64 -> 0.5 | K37: =0.5*$B$64 -> 0.5 | L37: =0.5*$B$64 -> 0.5 | M37: =0.5*$B$64 -> 0.5 | N37: =0.5*$B$64 -> 0.5 | O37: =0.5*$B$64 -> 0.5 | P37: 1 | Q37: 1 | R37: 1 | S37: 1 | T37: 1 | U37: 1
A38: Inflac EUR | B38: Inflacion | C38: 5 | D38: =0.4*$B$64 -> 0.4 | E38: =0.4*$B$64 -> 0.4 | F38: =0.4*$B$64 -> 0.4 | G38: =0.4*$B$64 -> 0.4 | H38: =0.4*$B$64 -> 0.4 | I38: =0.4*$B$64 -> 0.4 | J38: =0.5*$B$64 -> 0.5 | K38: =0.5*$B$64 -> 0.5 | L38: =0.5*$B$64 -> 0.5 | M38: =0.5*$B$64 -> 0.5 | N38: =0.5*$B$64 -> 0.5 | O38: =0.5*$B$64 -> 0.5 | P38: 1 | Q38: 1 | R38: 1 | S38: 1 | T38: 1 | U38: 1
A40: Kb: | D40: =+D14 -> 0 | E40: =+E14 -> 0 | F40: =+F14 -> 0 | G40: =+G14 -> 0 | H40: =+H14 -> 0 | I40: =+I14 -> 0 | J40: =+D15 -> 120208.15 | K40: =+E15 -> 120208.15 | L40: =+F15 -> 113137.08 | M40: =+G15 -> 91923.882 | N40: =+H15 -> 84852.814 | O40: =+I15 -> 0 | P40: =+D16 -> 678822.51 | Q40: =+E16 -> 0 | R40: =+F16 -> 0 | S40: =+G16 -> 0 | T40: =+H16 -> 0 | U40: =+I16 -> 0
C41: Curva | D41: {=+TRANSPOSE(B43:B48)} -> 1M | E41: 1M | F41: 1M | G41: 1M | H41: 1M | I41: 1M | J41: 3M | K41: 3M | L41: 3M | M41: 3M | N41: 3M | O41: 3M | P41: Inflacion | Q41: Inflacion | R41: Inflacion | S41: Inflacion | T41: Inflacion | U41: Inflacion
B42: Curva | C42: Tenor | D42: {=+TRANSPOSE(C43:C48)} -> 0.25 | E42: 0.5 | F42: 1 | G42: 2 | H42: 3 | I42: 5 | J42: 0.25 | K42: 0.5 | L42: 1 | M42: 2 | N42: 3 | O42: 5 | P42: 0.25 | Q42: 0.5 | R42: 1 | S42: 2 | T42: 3 | U42: 5
A43: {=+TRANSPOSE(D40:U40)} -> 0 | B43: 1M | C43: 0.25 | D43: =+$A43*D$40 -> 0 | E43: =+$A43*E$40 -> 0 | F43: =+$A43*F$40 -> 0 | G43: =+$A43*G$40 -> 0 | H43: =+$A43*H$40 -> 0 | I43: =+$A43*I$40 -> 0 | J43: =+$A43*J$40 -> 0 | K43: =+$A43*K$40 -> 0 | ... U43: =+$A43*U$40 -> 0
A44: 0 | B44: 1M | C44: 0.5 | D44: =+$A44*D$40 -> 0 | E44: =+$A44*E$40 -> 0 | F44: =+$A44*F$40 -> 0 | G44: =+$A44*G$40 -> 0 | H44: =+$A44*H$40 -> 0 | I44: =+$A44*I$40 -> 0 | J44: =+$A44*J$40 -> 0 | K44: =+$A44*K$40 -> 0 | ... U44: =+$A44*U$40 -> 0
A45: 0 | B45: 1M | C45: 1 | D45: =+$A45*D$40 -> 0 | E45: =+$A45*E$40 -> 0 | F45: =+$A45*F$40 -> 0 | G45: =+$A45*G$40 -> 0 | H45: =+$A45*H$40 -> 0 | I45: =+$A45*I$40 -> 0 | J45: =+$A45*J$40 -> 0 | K45: =+$A45*K$40 -> 0 | ... U45: =+$A45*U$40 -> 0
A46: 0 | B46: 1M | C46: 2 | D46: =+$A46*D$40 -> 0 | E46: =+$A46*E$40 -> 0 | F46: =+$A46*F$40 -> 0 | G46: =+$A46*G$40 -> 0 | H46: =+$A46*H$40 -> 0 | I46: =+$A46*I$40 -> 0 | J46: =+$A46*J$40 -> 0 | K46: =+$A46*K$40 -> 0 | ... U46: =+$A46*U$40 -> 0
A47: 0 | B47: 1M | C47: 3 | D47: =+$A47*D$40 -> 0 | E47: =+$A47*E$40 -> 0 | F47: =+$A47*F$40 -> 0 | G47: =+$A47*G$40 -> 0 | H47: =+$A47*H$40 -> 0 | I47: =+$A47*I$40 -> 0 | J47: =+$A47*J$40 -> 0 | K47: =+$A47*K$40 -> 0 | ... U47: =+$A47*U$40 -> 0
A48: 0 | B48: 1M | C48: 5 | D48: =+$A48*D$40 -> 0 | E48: =+$A48*E$40 -> 0 | F48: =+$A48*F$40 -> 0 | G48: =+$A48*G$40 -> 0 | H48: =+$A48*H$40 -> 0 | I48: =+$A48*I$40 -> 0 | J48: =+$A48*J$40 -> 0 | K48: =+$A48*K$40 -> 0 | ... U48: =+$A48*U$40 -> 0
A49: 120208.15 | B49: 3M | C49: 0.25 | D49: =+$A49*D$40 -> 0 | E49: =+$A49*E$40 -> 0 | F49: =+$A49*F$40 -> 0 | G49: =+$A49*G$40 -> 0 | H49: =+$A49*H$40 -> 0 | I49: =+$A49*I$40 -> 0 | J49: =+$A49*J$40 -> 1.445e+10 | K49: =+$A49*K$40 -> 1.445e+10 | ... U49: =+$A49*U$40 -> 0
A50: 120208.15 | B50: 3M | C50: 0.5 | D50: =+$A50*D$40 -> 0 | E50: =+$A50*E$40 -> 0 | F50: =+$A50*F$40 -> 0 | G50: =+$A50*G$40 -> 0 | H50: =+$A50*H$40 -> 0 | I50: =+$A50*I$40 -> 0 | J50: =+$A50*J$40 -> 1.445e+10 | K50: =+$A50*K$40 -> 1.445e+10 | ... U50: =+$A50*U$40 -> 0
A51: 113137.08 | B51: 3M | C51: 1 | D51: =+$A51*D$40 -> 0 | E51: =+$A51*E$40 -> 0 | F51: =+$A51*F$40 -> 0 | G51: =+$A51*G$40 -> 0 | H51: =+$A51*H$40 -> 0 | I51: =+$A51*I$40 -> 0 | J51: =+$A51*J$40 -> 1.36e+10 | K51: =+$A51*K$40 -> 1.36e+10 | ... U51: =+$A51*U$40 -> 0
A52: 91923.882 | B52: 3M | C52: 2 | D52: =+$A52*D$40 -> 0 | E52: =+$A52*E$40 -> 0 | F52: =+$A52*F$40 -> 0 | G52: =+$A52*G$40 -> 0 | H52: =+$A52*H$40 -> 0 | I52: =+$A52*I$40 -> 0 | J52: =+$A52*J$40 -> 1.105e+10 | K52: =+$A52*K$40 -> 1.105e+10 | ... U52: =+$A52*U$40 -> 0
A53: 84852.814 | B53: 3M | C53: 3 | D53: =+$A53*D$40 -> 0 | E53: =+$A53*E$40 -> 0 | F53: =+$A53*F$40 -> 0 | G53: =+$A53*G$40 -> 0 | H53: =+$A53*H$40 -> 0 | I53: =+$A53*I$40 -> 0 | J53: =+$A53*J$40 -> 1.02e+10 | K53: =+$A53*K$40 -> 1.02e+10 | ... U53: =+$A53*U$40 -> 0
A54: 0 | B54: 3M | C54: 5 | D54: =+$A54*D$40 -> 0 | E54: =+$A54*E$40 -> 0 | F54: =+$A54*F$40 -> 0 | G54: =+$A54*G$40 -> 0 | H54: =+$A54*H$40 -> 0 | I54: =+$A54*I$40 -> 0 | J54: =+$A54*J$40 -> 0 | K54: =+$A54*K$40 -> 0 | ... U54: =+$A54*U$40 -> 0
A55: 678822.51 | B55: Inflacion | C55: 0.25 | D55: =+$A55*D$40 -> 0 | E55: =+$A55*E$40 -> 0 | F55: =+$A55*F$40 -> 0 | G55: =+$A55*G$40 -> 0 | H55: =+$A55*H$40 -> 0 | I55: =+$A55*I$40 -> 0 | J55: =+$A55*J$40 -> 8.16e+10 | K55: =+$A55*K$40 -> 8.16e+10 | ... U55: =+$A55*U$40 -> 0
... A60: 0 | B60: Inflacion | C60: 5 | D60: =+$A60*D$40 -> 0 | E60: =+$A60*E$40 -> 0 | F60: =+$A60*F$40 -> 0 | G60: =+$A60*G$40 -> 0 | H60: =+$A60*H$40 -> 0 | I60: =+$A60*I$40 -> 0 | J60: =+$A60*J$40 -> 0 | K60: =+$A60*K$40 -> 0 | ... U60: =+$A60*U$40 -> 0
A63: CAPITAL | C63: =+SQRT(SUMPRODUCT(D21:U38,D43:U60)) -> 1039914.5
A64: Escenario rho | B64: =+correlaciones!$Y$2 -> 1

Sheet delta GIRR 6
A1: Ejemplo 6: sensibilidad a dos curvas de diferente divisa e inflacion USD
A3: Delta:
C4: Tenor | D4: 0.25 | E4: 0.5 | F4: 1 | G4: 2 | H4: 3 | I4: 5
A5: Curva EUR | B5: 1M | D5: 10000 | E5: 10000 | F5: 10000 | G5: 10000 | H5: 10000
A6: Curva USD | B6: 3M | D6: 10000 | E6: 10000 | F6: 10000 | G6: 10000 | H6: 10000
A7: Inflacion USD | B7: Inflacion | D7: 10000
A9: RW: sqrt?
A10: SI | C10: Tenor | D10: 0.25 | E10: 0.5 | F10: 1 | G10: 2 | H10: 3 | I10: 5
A11: =+IF(A10="SI",SQRT(2),1) -> 1.4142136 | C11: RW normal | D11: 170 | E11: 170 | F11: 160 | G11: 130 | H11: 120 | I11: 110
C12: RW premiun | D12: =+D11/$A$11 -> 120.20815 | E12: =+E11/$A$11 -> 120.20815 | F12: =+F11/$A$11 -> 113.13708 | G12: =+G11/$A$11 -> 91.923882 | H12: =+H11/$A$11 -> 84.852814 | I12: =+I11/$A$11 -> 77.781746
A14: Delta x RW | B14: Curva EUR | C14: 1M | D14: =+D12*D5 -> 1202081.5 | E14: =+E12*E5 -> 1202081.5 | F14: =+F12*F5 -> 1131370.8 | G14: =+G12*G5 -> 919238.82 | H14: =+H12*H5 -> 848528.14 | I14: =+I12*I5 -> 0
B15: Curva USD | C15: 3M | D15: =+D12*D6 -> 1202081.5 | E15: =+E12*E6 -> 1202081.5 | F15: =+F12*F6 -> 1131370.8 | G15: =+G12*G6 -> 919238.82 | H15: =+H12*H6 -> 848528.14 | I15: =+I12*I6 -> 0
B16: Inflacion USD | C16: Inflacion | D16: =+SUM(D7:I7)*160/A11 -> 1131370.8 | E16: 0 | F16: 0 | G16: 0 | H16: 0 | I16: 0
A18: Correlaciones: | D18: EUR | E18: EUR | F18: EUR | G18: EUR | H18: EUR | I18: EUR | J18: USD | K18: USD | L18: USD | M18: USD | N18: USD | O18: USD | P18: Inflacion USD | Q18: Inflacion USD | R18: Inflacion USD | S18: Inflacion USD | T18: Inflacion USD | U18: Inflacion USD
C19: Curva | D19: {=+TRANSPOSE(B21:B26)} -> 1M | E19: 1M | F19: 1M | G19: 1M | H19: 1M | I19: 1M | J19: 3M | K19: 3M | L19: 3M | M19: 3M | N19: 3M | O19: 3M | P19: Inflacion | Q19: Inflacion | R19: Inflacion | S19: Inflacion | T19: Inflacion | U19: Inflacion
B20: Curva | C20: Tenor | D20: {=+TRANSPOSE(C21:C26)} -> 0.25 | E20: 0.5 | F20: 1 | G20: 2 | H20: 3 | I20: 5 | J20: 0.25 | K20: 0.5 | L20: 1 | M20: 2 | N20: 3 | O20: 5 | P20: 0.25 | Q20: 0.5 | R20: 1 | S20: 2 | T20: 3 | U20: 5
A21: EUR | B21: 1M | C21: 0.25 | D21: =+correlaciones!Z14 -> 1 | E21: =+correlaciones!AA14 -> 0.97044553 | F21: =+correlaciones!AB14 -> 0.91393119 | G21: =+correlaciones!AC14 -> 0.81058425 | H21: =+correlaciones!AD14 -> 0.71892373 | I21: =+correlaciones!AE14 -> 0.56552544 | J21: =0.5*$B$64 -> 0.5 | K21: =0.5*$B$64 -> 0.5 | L21: =0.5*$B$64 -> 0.5 | M21: =0.5*$B$64 -> 0.5 | N21: =0.5*$B$64 -> 0.5 | O21: =0.5*$B$64 -> 0.5 | P21: =0.5*$B$64 -> 0.5 | Q21: =0.5*$B$64 -> 0.5 | ... U21: =0.5*$B$64 -> 0.5
A22: EUR | B22: 1M | C22: 0.5 | D22: =+correlaciones!Z15 -> 0.97044553 | E22: =+correlaciones!AA15 -> 1 | F22: =+correlaciones!AB15 -> 0.97044553 | G22: =+correlaciones!AC15 -> 0.91393119 | H22: =+correlaciones!AD15 -> 0.86070798 | I22: =+correlaciones!AE15 -> 0.76337949 | J22: =0.5*$B$64 -> 0.5 | K22: =0.5*$B$64 -> 0.5 | L22: =0.5*$B$64 -> 0.5 | M22: =0.5*$B$64 -> 0.5 | N22: =0.5*$B$64 -> 0.5 | O22: =0.5*$B$64 -> 0.5 | P22: =0.5*$B$64 -> 0.5 | Q22: =0.5*$B$64 -> 0.5 | ... U22: =0.5*$B$64 -> 0.5
A23: EUR | B23: 1M | C23: 1 | D23: =+correlaciones!Z16 -> 0.91393119 | E23: =+correlaciones!AA16 -> 0.97044553 | F23: =+correlaciones!AB16 -> 1 | G23: =+correlaciones!AC16 -> 0.97044553 | H23: =+correlaciones!AD16 -> 0.94176453 | I23: =+correlaciones!AE16 -> 0.88692044 | J23: =0.5*$B$64 -> 0.5 | K23: =0.5*$B$64 -> 0.5 | L23: =0.5*$B$64 -> 0.5 | M23: =0.5*$B$64 -> 0.5 | N23: =0.5*$B$64 -> 0.5 | O23: =0.5*$B$64 -> 0.5 | P23: =0.5*$B$64 -> 0.5 | Q23: =0.5*$B$64 -> 0.5 | ... U23: =0.5*$B$64 -> 0.5
A24: EUR | B24: 1M | C24: 2 | D24: =+correlaciones!Z17 -> 0.81058425 | E24: =+correlaciones!AA17 -> 0.91393119 | F24: =+correlaciones!AB17 -> 0.97044553 | G24: =+correlaciones!AC17 -> 1 | H24: =+correlaciones!AD17 -> 0.98511194 | I24: =+correlaciones!AE17 -> 0.95599748 | J24: =0.5*$B$64 -> 0.5 | K24: =0.5*$B$64 -> 0.5 | L24: =0.5*$B$64 -> 0.5 | M24: =0.5*$B$64 -> 0.5 | N24: =0.5*$B$64 -> 0.5 | O24: =0.5*$B$64 -> 0.5 | P24: =0.5*$B$64 -> 0.5 | Q24: =0.5*$B$64 -> 0.5 | ... U24: =0.5*$B$64 -> 0.5
A25: EUR | B25: 1M | C25: 3 | D25: =+correlaciones!Z18 -> 0.71892373 | E25: =+correlaciones!AA18 -> 0.86070798 | F25: =+correlaciones!AB18 -> 0.94176453 | G25: =+correlaciones!AC18 -> 0.98511194 | H25: =+correlaciones!AD18 -> 1 | I25: =+correlaciones!AE18 -> 0.98019867 | J25: =0.5*$B$64 -> 0.5 | K25: =0.5*$B$64 -> 0.5 | L25: =0.5*$B$64 -> 0.5 | M25: =0.5*$B$64 -> 0.5 | N25: =0.5*$B$64 -> 0.5 | O25: =0.5*$B$64 -> 0.5 | P25: =0.5*$B$64 -> 0.5 | Q25: =0.5*$B$64 -> 0.5 | ... U25: =0.5*$B$64 -> 0.5
A26: EUR | B26: 1M | C26: 5 | D26: =+correlaciones!Z19 -> 0.56552544 | E26: =+correlaciones!AA19 -> 0.76337949 | F26: =+correlaciones!AB19 -> 0.88692044 | G26: =+correlaciones!AC19 -> 0.95599748 | H26: =+correlaciones!AD19 -> 0.98019867 | I26: =+correlaciones!AE19 -> 1 | J26: =0.5*$B$64 -> 0.5 | K26: =0.5*$B$64 -> 0.5 | L26: =0.5*$B$64 -> 0.5 | M26: =0.5*$B$64 -> 0.5 | N26: =0.5*$B$64 -> 0.5 | O26: =0.5*$B$64 -> 0.5 | P26: =0.5*$B$64 -> 0.5 | Q26: =0.5*$B$64 -> 0.5 | ... U26: =0.5*$B$64 -> 0.5
A27: USD | B27: 3M | C27: 0.25 | D27: =0.5*$B$64 -> 0.5 | E27: =0.5*$B$64 -> 0.5 | F27: =0.5*$B$64 -> 0.5 | G27: =0.5*$B$64 -> 0.5 | H27: =0.5*$B$64 -> 0.5 | I27: =0.5*$B$64 -> 0.5 | J27: =+correlaciones!AJ24 -> 1 | K27: =+correlaciones!AK24 -> 0.97044553 | L27: =+correlaciones!AL24 -> 0.91393119 | M27: =+correlaciones!AM24 -> 0.81058425 | N27: =+correlaciones!AN24 -> 0.71892373 | O27: =+correlaciones!AO24 -> 0.56552544 | P27: =0.4*$B$64 -> 0.4 | Q27: =0.4*$B$64 -> 0.4 | R27: =0.4*$B$64 -> 0.4 | S27: =0.4*$B$64 -> 0.4 | T27: =0.4*$B$64 -> 0.4 | U27: =0.4*$B$64 -> 0.4
A28: USD | B28: 3M | C28: 0.5 | D28: =0.5*$B$64 -> 0.5 | E28: =0.5*$B$64 -> 0.5 | F28: =0.5*$B$64 -> 0.5 | G28: =0.5*$B$64 -> 0.5 | H28: =0.5*$B$64 -> 0.5 | I28: =0.5*$B$64 -> 0.5 | J28: =+correlaciones!AJ25 -> 0.97044553 | K28: =+correlaciones!AK25 -> 1 | L28: =+correlaciones!AL25 -> 0.97044553 | M28: =+correlaciones!AM25 -> 0.91393119 | N28: =+correlaciones!AN25 -> 0.86070798 | O28: =+correlaciones!AO25 -> 0.76337949 | P28: =0.4*$B$64 -> 0.4 | Q28: =0.4*$B$64 -> 0.4 | R28: =0.4*$B$64 -> 0.4 | S28: =0.4*$B$64 -> 0.4 | T28: =0.4*$B$64 -> 0.4 | U28: =0.4*$B$64 -> 0.4
A29: USD | B29: 3M | C29: 1 | D29: =0.5*$B$64 -> 0.5 | E29: =0.5*$B$64 -> 0.5 | F29: =0.5*$B$64 -> 0.5 | G29: =0.5*$B$64 -> 0.5 | H29: =0.5*$B$64 -> 0.5 | I29: =0.5*$B$64 -> 0.5 | J29: =+correlaciones!AJ26 -> 0.91393119 | K29: =+correlaciones!AK26 -> 0.97044553 | L29: =+correlaciones!AL26 -> 1 | M29: =+correlaciones!AM26 -> 0.97044553 | N29: =+correlaciones!AN26 -> 0.94176453 | O29: =+correlaciones!AO26 -> 0.88692044 | P29: =0.4*$B$64 -> 0.4 | Q29: =0.4*$B$64 -> 0.4 | R29: =0.4*$B$64 -> 0.4 | S29: =0.4*$B$64 -> 0.4 | T29: =0.4*$B$64 -> 0.4 | U29: =0.4*$B$64 -> 0.4
A30: USD | B30: 3M | C30: 2 | D30: =0.5*$B$64 -> 0.5 | E30: =0.5*$B$64 -> 0.5 | F30: =0.5*$B$64 -> 0.5 | G30: =0.5*$B$64 -> 0.5 | H30: =0.5*$B$64 -> 0.5 | I30: =0.5*$B$64 -> 0.5 | J30: =+correlaciones!AJ27 -> 0.81058425 | K30: =+correlaciones!AK27 -> 0.91393119 | L30: =+correlaciones!AL27 -> 0.97044553 | M30: =+correlaciones!AM27 -> 1 | N30: =+correlaciones!AN27 -> 0.98511194 | O30: =+correlaciones!AO27 -> 0.95599748 | P30: =0.4*$B$64 -> 0.4 | Q30: =0.4*$B$64 -> 0.4 | R30: =0.4*$B$64 -> 0.4 | S30: =0.4*$B$64 -> 0.4 | T30: =0.4*$B$64 -> 0.4 | U30: =0.4*$B$64 -> 0.4
A31: USD | B31: 3M | C31: 3 | D31: =0.5*$B$64 -> 0.5 | E31: =0.5*$B$64 -> 0.5 | F31: =0.5*$B$64 -> 0.5 | G31: =0.5*$B$64 -> 0.5 | H31: =0.5*$B$64 -> 0.5 | I31: =0.5*$B$64 -> 0.5 | J31: =+correlaciones!AJ28 -> 0.71892373 | K31: =+correlaciones!AK28 -> 0.86070798 | L31: =+correlaciones!AL28 -> 0.94176453 | M31: =+correlaciones!AM28 -> 0.98511194 | N31: =+correlaciones!AN28 -> 1 | O31: =+correlaciones!AO28 -> 0.98019867 | P31: =0.4*$B$64 -> 0.4 | Q31: =0.4*$B$64 -> 0.4 | R31: =0.4*$B$64 -> 0.4 | S31: =0.4*$B$64 -> 0.4 | T31: =0.4*$B$64 -> 0.4 | U31: =0.4*$B$64 -> 0.4
A32: USD | B32: 3M | C32: 5 | D32: =0.5*$B$64 -> 0.5 | E32: =0.5*$B$64 -> 0.5 | F32: =0.5*$B$64 -> 0.5 | G32: =0.5*$B$64 -> 0.5 | H32: =0.5*$B$64 -> 0.5 | I32: =0.5*$B$64 -> 0.5 | J32: =+correlaciones!AJ29 -> 0.56552544 | K32: =+correlaciones!AK29 -> 0.76337949 | L32: =+correlaciones!AL29 -> 0.88692044 | M32: =+correlaciones!AM29 -> 0.95599748 | N32: =+correlaciones!AN29 -> 0.98019867 | O32: =+correlaciones!AO29 -> 1 | P32: =0.4*$B$64 -> 0.4 | Q32: =0.4*$B$64 -> 0.4 | R32: =0.4*$B$64 -> 0.4 | S32: =0.4*$B$64 -> 0.4 | T32: =0.4*$B$64 -> 0.4 | U32: =0.4*$B$64 -> 0.4
A33: Inflac USD | B33: Inflacion | C33: 0.25 | D33: =0.5*$B$64 -> 0.5 | E33: =0.5*$B$64 -> 0.5 | F33: =0.5*$B$64 -> 0.5 | G33: =0.5*$B$64 -> 0.5 | H33: =0.5*$B$64 -> 0.5 | I33: =0.5*$B$64 -> 0.5 | J33: =0.4*$B$64 -> 0.4 | K33: =0.4*$B$64 -> 0.4 | L33: =0.4*$B$64 -> 0.4 | M33: =0.4*$B$64 -> 0.4 | N33: =0.4*$B$64 -> 0.4 | O33: =0.4*$B$64 -> 0.4 | P33: 1 | Q33: 1 | R33: 1 | S33: 1 | T33: 1 | U33: 1
A34: Inflac USD | B34: Inflacion | C34: 0.5 | D34: =0.5*$B$64 -> 0.5 | E34: =0.5*$B$64 -> 0.5 | F34: =0.5*$B$64 -> 0.5 | G34: =0.5*$B$64 -> 0.5 | H34: =0.5*$B$64 -> 0.5 | I34: =0.5*$B$64 -> 0.5 | J34: =0.4*$B$64 -> 0.4 | K34: =0.4*$B$64 -> 0.4 | L34: =0.4*$B$64 -> 0.4 | M34: =0.4*$B$64 -> 0.4 | N34: =0.4*$B$64 -> 0.4 | O34: =0.4*$B$64 -> 0.4 | P34: 1 | Q34: 1 | R34: 1 | S34: 1 | T34: 1 | U34: 1
A35: Inflac USD | B35: Inflacion | C35: 1 | D35: =0.5*$B$64 -> 0.5 | E35: =0.5*$B$64 -> 0.5 | F35: =0.5*$B$64 -> 0.5 | G35: =0.5*$B$64 -> 0.5 | H35: =0.5*$B$64 -> 0.5 | I35: =0.5*$B$64 -> 0.5 | J35: =0.4*$B$64 -> 0.4 | K35: =0.4*$B$64 -> 0.4 | L35: =0.4*$B$64 -> 0.4 | M35: =0.4*$B$64 -> 0.4 | N35: =0.4*$B$64 -> 0.4 | O35: =0.4*$B$64 -> 0.4 | P35: 1 | Q35: 1 | R35: 1 | S35: 1 | T35: 1 | U35: 1
A36: Inflac USD | B36: Inflacion | C36: 2 | D36: =0.5*$B$64 -> 0.5 | E36: =0.5*$B$64 -> 0.5 | F36: =0.5*$B$64 -> 0.5 | G36: =0.5*$B$64 -> 0.5 | H36: =0.5*$B$64 -> 0.5 | I36: =0.5*$B$64 -> 0.5 | J36: =0.4*$B$64 -> 0.4 | K36: =0.4*$B$64 -> 0.4 | L36: =0.4*$B$64 -> 0.4 | M36: =0.4*$B$64 -> 0.4 | N36: =0.4*$B$64 -> 0.4 | O36: =0.4*$B$64 -> 0.4 | P36: 1 | Q36: 1 | R36: 1 | S36: 1 | T36: 1 | U36: 1
A37: Inflac USD | B37: Inflacion | C37: 3 | D37: =0.5*$B$64 -> 0.5 | E37: =0.5*$B$64 -> 0.5 | F37: =0.5*$B$64 -> 0.5 | G37: =0.5*$B$64 -> 0.5 | H37: =0.5*$B$64 -> 0.5 | I37: =0.5*$B$64 -> 0.5 | J37: =0.4*$B$64 -> 0.4 | K37: =0.4*$B$64 -> 0.4 | L37: =0.4*$B$64 -> 0.4 | M37: =0.4*$B$64 -> 0.4 | N37: =0.4*$B$64 -> 0.4 | O37: =0.4*$B$64 -> 0.4 | P37: 1 | Q37: 1 | R37: 1 | S37: 1 | T37: 1 | U37: 1
A38: Inflac USD | B38: Inflacion | C38: 5 | D38: =0.5*$B$64 -> 0.5 | E38: =0.5*$B$64 -> 0.5 | F38: =0.5*$B$64 -> 0.5 | G38: =0.5*$B$64 -> 0.5 | H38: =0.5*$B$64 -> 0.5 | I38: =0.5*$B$64 -> 0.5 | J38: =0.4*$B$64 -> 0.4 | K38: =0.4*$B$64 -> 0.4 | L38: =0.4*$B$64 -> 0.4 | M38: =0.4*$B$64 -> 0.4 | N38: =0.4*$B$64 -> 0.4 | O38: =0.4*$B$64 -> 0.4 | P38: 1 | Q38: 1 | R38: 1 | S38: 1 | T38: 1 | U38: 1
A40: Kb: | D40: =+D14 -> 1202081.5 | E40: =+E14 -> 1202081.5 | F40: =+F14 -> 1131370.8 | G40: =+G14 -> 919238.82 | H40: =+H14 -> 848528.14 | I40: =+I14 -> 0 | J40: =+D15 -> 1202081.5 | K40: =+E15 -> 1202081.5 | L40: =+F15 -> 1131370.8 | M40: =+G15 -> 919238.82 | N40: =+H15 -> 848528.14 | O40: =+I15 -> 0 | P40: =+D16 -> 1131370.8 | Q40: =+E16 -> 0 | R40: =+F16 -> 0 | S40: =+G16 -> 0 | T40: =+H16 -> 0 | U40: =+I16 -> 0
C41: Curva | D41: {=+TRANSPOSE(B43:B48)} -> 1M | E41: 1M | F41: 1M | G41: 1M | H41: 1M | I41: 1M | J41: 3M | K41: 3M | L41: 3M | M41: 3M | N41: 3M | O41: 3M | P41: Inflacion | Q41: Inflacion | R41: Inflacion | S41: Inflacion | T41: Inflacion | U41: Inflacion
B42: Curva | C42: Tenor | D42: {=+TRANSPOSE(C43:C48)} -> 0.25 | E42: 0.5 | F42: 1 | G42: 2 | H42: 3 | I42: 5 | J42: 0.25 | K42: 0.5 | L42: 1 | M42: 2 | N42: 3 | O42: 5 | P42: 0.25 | Q42: 0.5 | R42: 1 | S42: 2 | T42: 3 | U42: 5
A43: {=+TRANSPOSE(D40:U40)} -> 1202081.5 | B43: 1M | C43: 0.25 | D43: =+$A43*D$40 -> 1.445e+12 | E43: =+$A43*E$40 -> 1.445e+12 | F43: =+$A43*F$40 -> 1.36e+12 | G43: =+$A43*G$40 -> 1.105e+12 | H43: =+$A43*H$40 -> 1.02e+12 | I43: =+$A43*I$40 -> 0 | J43: =+$A43*J$40 -> 1.445e+12 | K43: =+$A43*K$40 -> 1.445e+12 | ... U43: =+$A43*U$40 -> 0
A44: 1202081.5 | B44: 1M | C44: 0.5 | D44: =+$A44*D$40 -> 1.445e+12 | E44: =+$A44*E$40 -> 1.445e+12 | F44: =+$A44*F$40 -> 1.36e+12 | G44: =+$A44*G$40 -> 1.105e+12 | H44: =+$A44*H$40 -> 1.02e+12 | I44: =+$A44*I$40 -> 0 | J44: =+$A44*J$40 -> 1.445e+12 | K44: =+$A44*K$40 -> 1.445e+12 | ... U44: =+$A44*U$40 -> 0
A45: 1131370.8 | B45: 1M | C45: 1 | D45: =+$A45*D$40 -> 1.36e+12 | E45: =+$A45*E$40 -> 1.36e+12 | F45: =+$A45*F$40 -> 1.28e+12 | G45: =+$A45*G$40 -> 1.04e+12 | H45: =+$A45*H$40 -> 9.6e+11 | I45: =+$A45*I$40 -> 0 | J45: =+$A45*J$40 -> 1.36e+12 | K45: =+$A45*K$40 -> 1.36e+12 | ... U45: =+$A45*U$40 -> 0
A46: 919238.82 | B46: 1M | C46: 2 | D46: =+$A46*D$40 -> 1.105e+12 | E46: =+$A46*E$40 -> 1.105e+12 | F46: =+$A46*F$40 -> 1.04e+12 | G46: =+$A46*G$40 -> 8.45e+11 | H46: =+$A46*H$40 -> 7.8e+11 | I46: =+$A46*I$40 -> 0 | J46: =+$A46*J$40 -> 1.105e+12 | K46: =+$A46*K$40 -> 1.105e+12 | ... U46: =+$A46*U$40 -> 0
A47: 848528.14 | B47: 1M | C47: 3 | D47: =+$A47*D$40 -> 1.02e+12 | E47: =+$A47*E$40 -> 1.02e+12 | F47: =+$A47*F$40 -> 9.6e+11 | G47: =+$A47*G$40 -> 7.8e+11 | H47: =+$A47*H$40 -> 7.2e+11 | I47: =+$A47*I$40 -> 0 | J47: =+$A47*J$40 -> 1.02e+12 | K47: =+$A47*K$40 -> 1.02e+12 | ... U47: =+$A47*U$40 -> 0
A48: 0 | B48: 1M | C48: 5 | D48: =+$A48*D$40 -> 0 | E48: =+$A48*E$40 -> 0 | F48: =+$A48*F$40 -> 0 | G48: =+$A48*G$40 -> 0 | H48: =+$A48*H$40 -> 0 | I48: =+$A48*I$40 -> 0 | J48: =+$A48*J$40 -> 0 | K48: =+$A48*K$40 -> 0 | ... U48: =+$A48*U$40 -> 0
A49: 1202081.5 | B49: 3M | C49: 0.25 | D49: =+$A49*D$40 -> 1.445e+12 | E49: =+$A49*E$40 -> 1.445e+12 | F49: =+$A49*F$40 -> 1.36e+12 | G49: =+$A49*G$40 -> 1.105e+12 | H49: =+$A49*H$40 -> 1.02e+12 | I49: =+$A49*I$40 -> 0 | J49: =+$A49*J$40 -> 1.445e+12 | K49: =+$A49*K$40 -> 1.445e+12 | ... U49: =+$A49*U$40 -> 0
A50: 1202081.5 | B50: 3M | C50: 0.5 | D50: =+$A50*D$40 -> 1.445e+12 | E50: =+$A50*E$40 -> 1.445e+12 | F50: =+$A50*F$40 -> 1.36e+12 | G50: =+$A50*G$40 -> 1.105e+12 | H50: =+$A50*H$40 -> 1.02e+12 | I50: =+$A50*I$40 -> 0 | J50: =+$A50*J$40 -> 1.445e+12 | K50: =+$A50*K$40 -> 1.445e+12 | ... U50: =+$A50*U$40 -> 0
A51: 1131370.8 | B51: 3M | C51: 1 | D51: =+$A51*D$40 -> 1.36e+12 | E51: =+$A51*E$40 -> 1.36e+12 | F51: =+$A51*F$40 -> 1.28e+12 | G51: =+$A51*G$40 -> 1.04e+12 | H51: =+$A51*H$40 -> 9.6e+11 | I51: =+$A51*I$40 -> 0 | J51: =+$A51*J$40 -> 1.36e+12 | K51: =+$A51*K$40 -> 1.36e+12 | ... U51: =+$A51*U$40 -> 0
A52: 919238.82 | B52: 3M | C52: 2 | D52: =+$A52*D$40 -> 1.105e+12 | E52: =+$A52*E$40 -> 1.105e+12 | F52: =+$A52*F$40 -> 1.04e+12 | G52: =+$A52*G$40 -> 8.45e+11 | H52: =+$A52*H$40 -> 7.8e+11 | I52: =+$A52*I$40 -> 0 | J52: =+$A52*J$40 -> 1.105e+12 | K52: =+$A52*K$40 -> 1.105e+12 | ... U52: =+$A52*U$40 -> 0
A53: 848528.14 | B53: 3M | C53: 3 | D53: =+$A53*D$40 -> 1.02e+12 | E53: =+$A53*E$40 -> 1.02e+12 | F53: =+$A53*F$40 -> 9.6e+11 | G53: =+$A53*G$40 -> 7.8e+11 | H53: =+$A53*H$40 -> 7.2e+11 | I53: =+$A53*I$40 -> 0 | J53: =+$A53*J$40 -> 1.02e+12 | K53: =+$A53*K$40 -> 1.02e+12 | ... U53: =+$A53*U$40 -> 0
A54: 0 | B54: 3M | C54: 5 | D54: =+$A54*D$40 -> 0 | E54: =+$A54*E$40 -> 0 | F54: =+$A54*F$40 -> 0 | G54: =+$A54*G$40 -> 0 | H54: =+$A54*H$40 -> 0 | I54: =+$A54*I$40 -> 0 | J54: =+$A54*J$40 -> 0 | K54: =+$A54*K$40 -> 0 | ... U54: =+$A54*U$40 -> 0
A55: 1131370.8 | B55: Inflacion | C55: 0.25 | D55: =+$A55*D$40 -> 1.36e+12 | E55: =+$A55*E$40 -> 1.36e+12 | F55: =+$A55*F$40 -> 1.28e+12 | G55: =+$A55*G$40 -> 1.04e+12 | H55: =+$A55*H$40 -> 9.6e+11 | I55: =+$A55*I$40 -> 0 | J55: =+$A55*J$40 -> 1.36e+12 | K55: =+$A55*K$40 -> 1.36e+12 | ... U55: =+$A55*U$40 -> 0
... A60: 0 | B60: Inflacion | C60: 5 | D60: =+$A60*D$40 -> 0 | E60: =+$A60*E$40 -> 0 | F60: =+$A60*F$40 -> 0 | G60: =+$A60*G$40 -> 0 | H60: =+$A60*H$40 -> 0 | I60: =+$A60*I$40 -> 0 | J60: =+$A60*J$40 -> 0 | K60: =+$A60*K$40 -> 0 | ... U60: =+$A60*U$40 -> 0
A63: CAPITAL | C63: =+SQRT(SUMPRODUCT(D21:U38,D43:U60)) -> 9608819.8
A64: Escenario rho | B64: =+correlaciones!$Y$2 -> 1

Sheet ejercicio resuelto
A1: Ejercicio: sensibilidad a dos curvas de diferente divisa e inflacion de dos divisas
A3: Delta:
C4: Tenor | D4: 0.25 | E4: 0.5 | F4: 1 | G4: 2 | H4: 3 | I4: 5
A5: Curva EUR | B5: 1M | D5: 10000 | E5: 10000 | F5: 10000 | G5: 10000 | H5: 10000
A6: Curva USD | B6: 3M | D6: 10000 | E6: 10000 | F6: 10000 | G6: 10000 | H6: 10000
A7: Inflacion EUR | B7: Inflacion | D7: 10000
A8: Inflacion USD | B8: Inflacion | D8: 10000
A10: RW: sqrt?
A11: SI | C11: Tenor | D11: 0.25 | E11: 0.5 | F11: 1 | G11: 2 | H11: 3 | I11: 5
A12: =+IF(A11="SI",SQRT(2),1) -> 1.4142136 | C12: RW normal | D12: 170 | E12: 170 | F12: 160 | G12: 130 | H12: 120 | I12: 110
C13: RW premiun | D13: =+D12/$A$12 -> 120.20815 | E13: =+E12/$A$12 -> 120.20815 | F13: =+F12/$A$12 -> 113.13708 | G13: =+G12/$A$12 -> 91.923882 | H13: =+H12/$A$12 -> 84.852814 | I13: =+I12/$A$12 -> 77.781746
A15: Delta x RW | B15: Curva EUR | C15: 1M | D15: =+D13*D5 -> 1202081.5 | E15: =+E13*E5 -> 1202081.5 | F15: =+F13*F5 -> 1131370.8 | G15: =+G13*G5 -> 919238.82 | H15: =+H13*H5 -> 848528.14 | I15: =+I13*I5 -> 0
B16: Curva USD | C16: 3M | D16: =+D13*D6 -> 1202081.5 | E16: =+E13*E6 -> 1202081.5 | F16: =+F13*F6 -> 1131370.8 | G16: =+G13*G6 -> 919238.82 | H16: =+H13*H6 -> 848528.14 | I16: =+I13*I6 -> 0
B17: Inflacion EUR | C17: Inflacion | D17: =+SUM(D7:I7)*160/A12 -> 1131370.8 | E17: 0 | F17: 0 | G17: 0 | H17: 0 | I17: 0
B18: Inflacion USD | C18: Inflacion | D18: =+SUM(D8:I8)*160/A12 -> 1131370.8 | E18: 0 | F18: 0 | G18: 0 | H18: 0 | I18: 0
A20: Correlaciones: | D20: EUR | E20: EUR | F20: EUR | G20: EUR | H20: EUR | I20: EUR | J20: USD | K20: USD | L20: USD | M20: USD | N20: USD | O20: USD | P20: Inflacion EUR | Q20: Inflacion EUR | R20: Inflacion EUR | S20: Inflacion EUR | T20: Inflacion EUR | U20: Inflacion EUR | V20: Inflacion USD | W20: Inflacion USD | X20: Inflacion USD | Y20: Inflacion USD | Z20: Inflacion USD | AA20: Inflacion USD
C21: Curva | D21: {=+TRANSPOSE(B23:B28)} -> 1M | E21: 1M | F21: 1M | G21: 1M | H21: 1M | I21: 1M | J21: 3M | K21: 3M | L21: 3M | M21: 3M | N21: 3M | O21: 3M | P21: Inflacion | Q21: Inflacion | R21: Inflacion | S21: Inflacion | T21: Inflacion | U21: Inflacion | V21: Inflacion | W21: Inflacion | X21: Inflacion | Y21: Inflacion | Z21: Inflacion | AA21: Inflacion
B22: Curva | C22: Tenor | D22: {=+TRANSPOSE(C23:C28)} -> 0.25 | E22: 0.5 | F22: 1 | G22: 2 | H22: 3 | I22: 5 | J22: 0.25 | K22: 0.5 | L22: 1 | M22: 2 | N22: 3 | O22: 5 | P22: 0.25 | Q22: 0.5 | R22: 1 | S22: 2 | T22: 3 | U22: 5 | V22: 0.25 | W22: 0.5 | X22: 1 | Y22: 2 | Z22: 3 | AA22: 5
A23: EUR | B23: 1M | C23: 0.25 | D23: =+correlaciones!Z14 -> 1 | E23: =+correlaciones!AA14 -> 0.97044553 | F23: =+correlaciones!AB14 -> 0.91393119 | G23: =+correlaciones!AC14 -> 0.81058425 | H23: =+correlaciones!AD14 -> 0.71892373 | I23: =+correlaciones!AE14 -> 0.56552544 | J23: =0.5*$B$78 -> 0.5 | K23: =0.5*$B$78 -> 0.5 | L23: =0.5*$B$78 -> 0.5 | M23: =0.5*$B$78 -> 0.5 | N23: =0.5*$B$78 -> 0.5 | O23: =0.5*$B$78 -> 0.5 | P23: =0.4*$B$78 -> 0.4 | Q23: =0.4*$B$78 -> 0.4 | R23: =0.4*$B$78 -> 0.4 | S23: =0.4*$B$78 -> 0.4 | T23: =0.4*$B$78 -> 0.4 | U23: =0.4*$B$78 -> 0.4 | V23: =0.5*$B$78 -> 0.5 | W23: =0.5*$B$78 -> 0.5 | X23: =0.5*$B$78 -> 0.5 | Y23: =0.5*$B$78 -> 0.5 | Z23: =0.5*$B$78 -> 0.5 | AA23: =0.5*$B$78 -> 0.5
A24: EUR | B24: 1M | C24: 0.5 | D24: =+correlaciones!Z15 -> 0.97044553 | E24: =+correlaciones!AA15 -> 1 | F24: =+correlaciones!AB15 -> 0.97044553 | G24: =+correlaciones!AC15 -> 0.91393119 | H24: =+correlaciones!AD15 -> 0.86070798 | I24: =+correlaciones!AE15 -> 0.76337949 | J24: =0.5*$B$78 -> 0.5 | K24: =0.5*$B$78 -> 0.5 | L24: =0.5*$B$78 -> 0.5 | M24: =0.5*$B$78 -> 0.5 | N24: =0.5*$B$78 -> 0.5 | O24: =0.5*$B$78 -> 0.5 | P24: =0.4*$B$78 -> 0.4 | Q24: =0.4*$B$78 -> 0.4 | R24: =0.4*$B$78 -> 0.4 | S24: =0.4*$B$78 -> 0.4 | T24: =0.4*$B$78 -> 0.4 | U24: =0.4*$B$78 -> 0.4 | V24: =0.5*$B$78 -> 0.5 | W24: =0.5*$B$78 -> 0.5 | X24: =0.5*$B$78 -> 0.5 | Y24: =0.5*$B$78 -> 0.5 | Z24: =0.5*$B$78 -> 0.5 | AA24: =0.5*$B$78 -> 0.5
A25: EUR | B25: 1M | C25: 1 | D25: =+correlaciones!Z16 -> 0.91393119 | E25: =+correlaciones!AA16 -> 0.97044553 | F25: =+correlaciones!AB16 -> 1 | G25: =+correlaciones!AC16 -> 0.97044553 | H25: =+correlaciones!AD16 -> 0.94176453 | I25: =+correlaciones!AE16 -> 0.88692044 | J25: =0.5*$B$78 -> 0.5 | K25: =0.5*$B$78 -> 0.5 | L25: =0.5*$B$78 -> 0.5 | M25: =0.5*$B$78 -> 0.5 | N25: =0.5*$B$78 -> 0.5 | O25: =0.5*$B$78 -> 0.5 | P25: =0.4*$B$78 -> 0.4 | Q25: =0.4*$B$78 -> 0.4 | R25: =0.4*$B$78 -> 0.4 | S25: =0.4*$B$78 -> 0.4 | T25: =0.4*$B$78 -> 0.4 | U25: =0.4*$B$78 -> 0.4 | V25: =0.5*$B$78 -> 0.5 | W25: =0.5*$B$78 -> 0.5 | X25: =0.5*$B$78 -> 0.5 | Y25: =0.5*$B$78 -> 0.5 | Z25: =0.5*$B$78 -> 0.5 | AA25: =0.5*$B$78 -> 0.5
A26: EUR | B26: 1M | C26: 2 | D26: =+correlaciones!Z17 -> 0.81058425 | E26: =+correlaciones!AA17 -> 0.91393119 | F26: =+correlaciones!AB17 -> 0.97044553 | G26: =+correlaciones!AC17 -> 1 | H26: =+correlaciones!AD17 -> 0.98511194 | I26: =+correlaciones!AE17 -> 0.95599748 | J26: =0.5*$B$78 -> 0.5 | K26: =0.5*$B$78 -> 0.5 | L26: =0.5*$B$78 -> 0.5 | M26: =0.5*$B$78 -> 0.5 | N26: =0.5*$B$78 -> 0.5 | O26: =0.5*$B$78 -> 0.5 | P26: =0.4*$B$78 -> 0.4 | Q26: =0.4*$B$78 -> 0.4 | R26: =0.4*$B$78 -> 0.4 | S26: =0.4*$B$78 -> 0.4 | T26: =0.4*$B$78 -> 0.4 | U26: =0.4*$B$78 -> 0.4 | V26: =0.5*$B$78 -> 0.5 | W26: =0.5*$B$78 -> 0.5 | X26: =0.5*$B$78 -> 0.5 | Y26: =0.5*$B$78 -> 0.5 | Z26: =0.5*$B$78 -> 0.5 | AA26: =0.5*$B$78 -> 0.5
A27: EUR | B27: 1M | C27: 3 | D27: =+correlaciones!Z18 -> 0.71892373 | E27: =+correlaciones!AA18 -> 0.86070798 | F27: =+correlaciones!AB18 -> 0.94176453 | G27: =+correlaciones!AC18 -> 0.98511194 | H27: =+correlaciones!AD18 -> 1 | I27: =+correlaciones!AE18 -> 0.98019867 | J27: =0.5*$B$78 -> 0.5 | K27: =0.5*$B$78 -> 0.5 | L27: =0.5*$B$78 -> 0.5 | M27: =0.5*$B$78 -> 0.5 | N27: =0.5*$B$78 -> 0.5 | O27: =0.5*$B$78 -> 0.5 | P27: =0.4*$B$78 -> 0.4 | Q27: =0.4*$B$78 -> 0.4 | R27: =0.4*$B$78 -> 0.4 | S27: =0.4*$B$78 -> 0.4 | T27: =0.4*$B$78 -> 0.4 | U27: =0.4*$B$78 -> 0.4 | V27: =0.5*$B$78 -> 0.5 | W27: =0.5*$B$78 -> 0.5 | X27: =0.5*$B$78 -> 0.5 | Y27: =0.5*$B$78 -> 0.5 | Z27: =0.5*$B$78 -> 0.5 | AA27: =0.5*$B$78 -> 0.5
A28: EUR | B28: 1M | C28: 5 | D28: =+correlaciones!Z19 -> 0.56552544 | E28: =+correlaciones!AA19 -> 0.76337949 | F28: =+correlaciones!AB19 -> 0.88692044 | G28: =+correlaciones!AC19 -> 0.95599748 | H28: =+correlaciones!AD19 -> 0.98019867 | I28: =+correlaciones!AE19 -> 1 | J28: =0.5*$B$78 -> 0.5 | K28: =0.5*$B$78 -> 0.5 | L28: =0.5*$B$78 -> 0.5 | M28: =0.5*$B$78 -> 0.5 | N28: =0.5*$B$78 -> 0.5 | O28: =0.5*$B$78 -> 0.5 | P28: =0.4*$B$78 -> 0.4 | Q28: =0.4*$B$78 -> 0.4 | R28: =0.4*$B$78 -> 0.4 | S28: =0.4*$B$78 -> 0.4 | T28: =0.4*$B$78 -> 0.4 | U28: =0.4*$B$78 -> 0.4 | V28: =0.5*$B$78 -> 0.5 | W28: =0.5*$B$78 -> 0.5 | X28: =0.5*$B$78 -> 0.5 | Y28: =0.5*$B$78 -> 0.5 | Z28: =0.5*$B$78 -> 0.5 | AA28: =0.5*$B$78 -> 0.5
A29: USD | B29: 3M | C29: 0.25 | D29: =0.5*$B$78 -> 0.5 | E29: =0.5*$B$78 -> 0.5 | F29: =0.5*$B$78 -> 0.5 | G29: =0.5*$B$78 -> 0.5 | H29: =0.5*$B$78 -> 0.5 | I29: =0.5*$B$78 -> 0.5 | J29: =+D23 -> 1 | K29: =+E23 -> 0.97044553 | L29: =+F23 -> 0.91393119 | M29: =+G23 -> 0.81058425 | N29: =+H23 -> 0.71892373 | O29: =+I23 -> 0.56552544 | P29: =0.5*$B$78 -> 0.5 | Q29: =0.5*$B$78 -> 0.5 | R29: =0.5*$B$78 -> 0.5 | S29: =0.5*$B$78 -> 0.5 | T29: =0.5*$B$78 -> 0.5 | U29: =0.5*$B$78 -> 0.5 | V29: =0.4*$B$78 -> 0.4 | W29: =0.4*$B$78 -> 0.4 | X29: =0.4*$B$78 -> 0.4 | Y29: =0.4*$B$78 -> 0.4 | Z29: =0.4*$B$78 -> 0.4 | AA29: =0.4*$B$78 -> 0.4
A30: USD | B30: 3M | C30: 0.5 | D30: =0.5*$B$78 -> 0.5 | E30: =0.5*$B$78 -> 0.5 | F30: =0.5*$B$78 -> 0.5 | G30: =0.5*$B$78 -> 0.5 | H30: =0.5*$B$78 -> 0.5 | I30: =0.5*$B$78 -> 0.5 | J30: =+D24 -> 0.97044553 | K30: =+E24 -> 1 | L30: =+F24 -> 0.97044553 | M30: =+G24 -> 0.91393119 | N30: =+H24 -> 0.86070798 | O30: =+I24 -> 0.76337949 | P30: =0.5*$B$78 -> 0.5 | Q30: =0.5*$B$78 -> 0.5 | R30: =0.5*$B$78 -> 0.5 | S30: =0.5*$B$78 -> 0.5 | T30: =0.5*$B$78 -> 0.5 | U30: =0.5*$B$78 -> 0.5 | V30: =0.4*$B$78 -> 0.4 | W30: =0.4*$B$78 -> 0.4 | X30: =0.4*$B$78 -> 0.4 | Y30: =0.4*$B$78 -> 0.4 | Z30: =0.4*$B$78 -> 0.4 | AA30: =0.4*$B$78 -> 0.4
A31: USD | B31: 3M | C31: 1 | D31: =0.5*$B$78 -> 0.5 | E31: =0.5*$B$78 -> 0.5 | F31: =0.5*$B$78 -> 0.5 | G31: =0.5*$B$78 -> 0.5 | H31: =0.5*$B$78 -> 0.5 | I31: =0.5*$B$78 -> 0.5 | J31: =+D25 -> 0.91393119 | K31: =+E25 -> 0.97044553 | L31: =+F25 -> 1 | M31: =+G25 -> 0.97044553 | N31: =+H25 -> 0.94176453 | O31: =+I25 -> 0.88692044 | P31: =0.5*$B$78 -> 0.5 | Q31: =0.5*$B$78 -> 0.5 | R31: =0.5*$B$78 -> 0.5 | S31: =0.5*$B$78 -> 0.5 | T31: =0.5*$B$78 -> 0.5 | U31: =0.5*$B$78 -> 0.5 | V31: =0.4*$B$78 -> 0.4 | W31: =0.4*$B$78 -> 0.4 | X31: =0.4*$B$78 -> 0.4 | Y31: =0.4*$B$78 -> 0.4 | Z31: =0.4*$B$78 -> 0.4 | AA31: =0.4*$B$78 -> 0.4
A32: USD | B32: 3M | C32: 2 | D32: =0.5*$B$78 -> 0.5 | E32: =0.5*$B$78 -> 0.5 | F32: =0.5*$B$78 -> 0.5 | G32: =0.5*$B$78 -> 0.5 | H32: =0.5*$B$78 -> 0.5 | I32: =0.5*$B$78 -> 0.5 | J32: =+D26 -> 0.81058425 | K32: =+E26 -> 0.91393119 | L32: =+F26 -> 0.97044553 | M32: =+G26 -> 1 | N32: =+H26 -> 0.98511194 | O32: =+I26 -> 0.95599748 | P32: =0.5*$B$78 -> 0.5 | Q32: =0.5*$B$78 -> 0.5 | R32: =0.5*$B$78 -> 0.5 | S32: =0.5*$B$78 -> 0.5 | T32: =0.5*$B$78 -> 0.5 | U32: =0.5*$B$78 -> 0.5 | V32: =0.4*$B$78 -> 0.4 | W32: =0.4*$B$78 -> 0.4 | X32: =0.4*$B$78 -> 0.4 | Y32: =0.4*$B$78 -> 0.4 | Z32: =0.4*$B$78 -> 0.4 | AA32: =0.4*$B$78 -> 0.4
A33: USD | B33: 3M | C33: 3 | D33: =0.5*$B$78 -> 0.5 | E33: =0.5*$B$78 -> 0.5 | F33: =0.5*$B$78 -> 0.5 | G33: =0.5*$B$78 -> 0.5 | H33: =0.5*$B$78 -> 0.5 | I33: =0.5*$B$78 -> 0.5 | J33: =+D27 -> 0.71892373 | K33: =+E27 -> 0.86070798 | L33: =+F27 -> 0.94176453 | M33: =+G27 -> 0.98511194 | N33: =+H27 -> 1 | O33: =+I27 -> 0.98019867 | P33: =0.5*$B$78 -> 0.5 | Q33: =0.5*$B$78 -> 0.5 | R33: =0.5*$B$78 -> 0.5 | S33: =0.5*$B$78 -> 0.5 | T33: =0.5*$B$78 -> 0.5 | U33: =0.5*$B$78 -> 0.5 | V33: =0.4*$B$78 -> 0.4 | W33: =0.4*$B$78 -> 0.4 | X33: =0.4*$B$78 -> 0.4 | Y33: =0.4*$B$78 -> 0.4 | Z33: =0.4*$B$78 -> 0.4 | AA33: =0.4*$B$78 -> 0.4
A34: USD | B34: 3M | C34: 5 | D34: =0.5*$B$78 -> 0.5 | E34: =0.5*$B$78 -> 0.5 | F34: =0.5*$B$78 -> 0.5 | G34: =0.5*$B$78 -> 0.5 | H34: =0.5*$B$78 -> 0.5 | I34: =0.5*$B$78 -> 0.5 | J34: =+D28 -> 0.56552544 | K34: =+E28 -> 0.76337949 | L34: =+F28 -> 0.88692044 | M34: =+G28 -> 0.95599748 | N34: =+H28 -> 0.98019867 | O34: =+I28 -> 1 | P34: =0.5*$B$78 -> 0.5 | Q34: =0.5*$B$78 -> 0.5 | R34: =0.5*$B$78 -> 0.5 | S34: =0.5*$B$78 -> 0.5 | T34: =0.5*$B$78 -> 0.5 | U34: =0.5*$B$78 -> 0.5 | V34: =0.4*$B$78 -> 0.4 | W34: =0.4*$B$78 -> 0.4 | X34: =0.4*$B$78 -> 0.4 | Y34: =0.4*$B$78 -> 0.4 | Z34: =0.4*$B$78 -> 0.4 | AA34: =0.4*$B$78 -> 0.4
A35: Inflacion EUR | B35: Inflacion | C35: 0.25 | D35: =0.4*$B$78 -> 0.4 | E35: =0.4*$B$78 -> 0.4 | F35: =0.4*$B$78 -> 0.4 | G35: =0.4*$B$78 -> 0.4 | H35: =0.4*$B$78 -> 0.4 | I35: =0.4*$B$78 -> 0.4 | J35: =0.5*$B$78 -> 0.5 | K35: =0.5*$B$78 -> 0.5 | L35: =0.5*$B$78 -> 0.5 | M35: =0.5*$B$78 -> 0.5 | N35: =0.5*$B$78 -> 0.5 | O35: =0.5*$B$78 -> 0.5 | P35: 1 | Q35: 1 | R35: 1 | S35: 1 | T35: 1 | U35: 1 | V35: =0.5*$B$78 -> 0.5 | W35: =0.5*$B$78 -> 0.5 | X35: =0.5*$B$78 -> 0.5 | Y35: =0.5*$B$78 -> 0.5 | Z35: =0.5*$B$78 -> 0.5 | AA35: =0.5*$B$78 -> 0.5
A36: Inflacion EUR | B36: Inflacion | C36: 0.5 | D36: =0.4*$B$78 -> 0.4 | E36: =0.4*$B$78 -> 0.4 | F36: =0.4*$B$78 -> 0.4 | G36: =0.4*$B$78 -> 0.4 | H36: =0.4*$B$78 -> 0.4 | I36: =0.4*$B$78 -> 0.4 | J36: =0.5*$B$78 -> 0.5 | K36: =0.5*$B$78 -> 0.5 | L36: =0.5*$B$78 -> 0.5 | M36: =0.5*$B$78 -> 0.5 | N36: =0.5*$B$78 -> 0.5 | O36: =0.5*$B$78 -> 0.5 | P36: 1 | Q36: 1 | R36: 1 | S36: 1 | T36: 1 | U36: 1 | V36: =0.5*$B$78 -> 0.5 | W36: =0.5*$B$78 -> 0.5 | X36: =0.5*$B$78 -> 0.5 | Y36: =0.5*$B$78 -> 0.5 | Z36: =0.5*$B$78 -> 0.5 | AA36: =0.5*$B$78 -> 0.5
A37: Inflacion EUR | B37: Inflacion | C37: 1 | D37: =0.4*$B$78 -> 0.4 | E37: =0.4*$B$78 -> 0.4 | F37: =0.4*$B$78 -> 0.4 | G37: =0.4*$B$78 -> 0.4 | H37: =0.4*$B$78 -> 0.4 | I37: =0.4*$B$78 -> 0.4 | J37: =0.5*$B$78 -> 0.5 | K37: =0.5*$B$78 -> 0.5 | L37: =0.5*$B$78 -> 0.5 | M37: =0.5*$B$78 -> 0.5 | N37: =0.5*$B$78 -> 0.5 | O37: =0.5*$B$78 -> 0.5 | P37: 1 | Q37: 1 | R37: 1 | S37: 1 | T37: 1 | U37: 1 | V37: =0.5*$B$78 -> 0.5 | W37: =0.5*$B$78 -> 0.5 | X37: =0.5*$B$78 -> 0.5 | Y37: =0.5*$B$78 -> 0.5 | Z37: =0.5*$B$78 -> 0.5 | AA37: =0.5*$B$78 -> 0.5
A38: Inflacion EUR | B38: Inflacion | C38: 2 | D38: =0.4*$B$78 -> 0.4 | E38: =0.4*$B$78 -> 0.4 | F38: =0.4*$B$78 -> 0.4 | G38: =0.4*$B$78 -> 0.4 | H38: =0.4*$B$78 -> 0.4 | I38: =0.4*$B$78 -> 0.4 | J38: =0.5*$B$78 -> 0.5 | K38: =0.5*$B$78 -> 0.5 | L38: =0.5*$B$78 -> 0.5 | M38: =0.5*$B$78 -> 0.5 | N38: =0.5*$B$78 -> 0.5 | O38: =0.5*$B$78 -> 0.5 | P38: 1 | Q38: 1 | R38: 1 | S38: 1 | T38: 1 | U38: 1 | V38: =0.5*$B$78 -> 0.5 | W38: =0.5*$B$78 -> 0.5 | X38: =0.5*$B$78 -> 0.5 | Y38: =0.5*$B$78 -> 0.5 | Z38: =0.5*$B$78 -> 0.5 | AA38: =0.5*$B$78 -> 0.5
A39: Inflacion EUR | B39: Inflacion | C39: 3 | D39: =0.4*$B$78 -> 0.4 | E39: =0.4*$B$78 -> 0.4 | F39: =0.4*$B$78 -> 0.4 | G39: =0.4*$B$78 -> 0.4 | H39: =0.4*$B$78 -> 0.4 | I39: =0.4*$B$78 -> 0.4 | J39: =0.5*$B$78 -> 0.5 | K39: =0.5*$B$78 -> 0.5 | L39: =0.5*$B$78 -> 0.5 | M39: =0.5*$B$78 -> 0.5 | N39: =0.5*$B$78 -> 0.5 | O39: =0.5*$B$78 -> 0.5 | P39: 1 | Q39: 1 | R39: 1 | S39: 1 | T39: 1 | U39: 1 | V39: =0.5*$B$78 -> 0.5 | W39: =0.5*$B$78 -> 0.5 | X39: =0.5*$B$78 -> 0.5 | Y39: =0.5*$B$78 -> 0.5 | Z39: =0.5*$B$78 -> 0.5 | AA39: =0.5*$B$78 -> 0.5
A40: Inflacion EUR | B40: Inflacion | C40: 5 | D40: =0.4*$B$78 -> 0.4 | E40: =0.4*$B$78 -> 0.4 | F40: =0.4*$B$78 -> 0.4 | G40: =0.4*$B$78 -> 0.4 | H40: =0.4*$B$78 -> 0.4 | I40: =0.4*$B$78 -> 0.4 | J40: =0.5*$B$78 -> 0.5 | K40: =0.5*$B$78 -> 0.5 | L40: =0.5*$B$78 -> 0.5 | M40: =0.5*$B$78 -> 0.5 | N40: =0.5*$B$78 -> 0.5 | O40: =0.5*$B$78 -> 0.5 | P40: 1 | Q40: 1 | R40: 1 | S40: 1 | T40: 1 | U40: 1 | V40: =0.5*$B$78 -> 0.5 | W40: =0.5*$B$78 -> 0.5 | X40: =0.5*$B$78 -> 0.5 | Y40: =0.5*$B$78 -> 0.5 | Z40: =0.5*$B$78 -> 0.5 | AA40: =0.5*$B$78 -> 0.5
A41: Inflacion USD | B41: Inflacion | C41: 0.25 | D41: =0.5*$B$78 -> 0.5 | E41: =0.5*$B$78 -> 0.5 | F41: =0.5*$B$78 -> 0.5 | G41: =0.5*$B$78 -> 0.5 | H41: =0.5*$B$78 -> 0.5 | I41: =0.5*$B$78 -> 0.5 | J41: =0.4*$B$78 -> 0.4 | K41: =0.4*$B$78 -> 0.4 | L41: =0.4*$B$78 -> 0.4 | M41: =0.4*$B$78 -> 0.4 | N41: =0.4*$B$78 -> 0.4 | O41: =0.4*$B$78 -> 0.4 | P41: =0.5*$B$78 -> 0.5 | Q41: =0.5*$B$78 -> 0.5 | R41: =0.5*$B$78 -> 0.5 | S41: =0.5*$B$78 -> 0.5 | T41: =0.5*$B$78 -> 0.5 | U41: =0.5*$B$78 -> 0.5 | V41: 1 | W41: 1 | X41: 1 | Y41: 1 | Z41: 1 | AA41: 1
A42: Inflacion USD | B42: Inflacion | C42: 0.5 | D42: =0.5*$B$78 -> 0.5 | E42: =0.5*$B$78 -> 0.5 | F42: =0.5*$B$78 -> 0.5 | G42: =0.5*$B$78 -> 0.5 | H42: =0.5*$B$78 -> 0.5 | I42: =0.5*$B$78 -> 0.5 | J42: =0.4*$B$78 -> 0.4 | K42: =0.4*$B$78 -> 0.4 | L42: =0.4*$B$78 -> 0.4 | M42: =0.4*$B$78 -> 0.4 | N42: =0.4*$B$78 -> 0.4 | O42: =0.4*$B$78 -> 0.4 | P42: =0.5*$B$78 -> 0.5 | Q42: =0.5*$B$78 -> 0.5 | R42: =0.5*$B$78 -> 0.5 | S42: =0.5*$B$78 -> 0.5 | T42: =0.5*$B$78 -> 0.5 | U42: =0.5*$B$78 -> 0.5 | V42: 1 | W42: 1 | X42: 1 | Y42: 1 | Z42: 1 | AA42: 1
A43: Inflacion USD | B43: Inflacion | C43: 1 | D43: =0.5*$B$78 -> 0.5 | E43: =0.5*$B$78 -> 0.5 | F43: =0.5*$B$78 -> 0.5 | G43: =0.5*$B$78 -> 0.5 | H43: =0.5*$B$78 -> 0.5 | I43: =0.5*$B$78 -> 0.5 | J43: =0.4*$B$78 -> 0.4 | K43: =0.4*$B$78 -> 0.4 | L43: =0.4*$B$78 -> 0.4 | M43: =0.4*$B$78 -> 0.4 | N43: =0.4*$B$78 -> 0.4 | O43: =0.4*$B$78 -> 0.4 | P43: =0.5*$B$78 -> 0.5 | Q43: =0.5*$B$78 -> 0.5 | R43: =0.5*$B$78 -> 0.5 | S43: =0.5*$B$78 -> 0.5 | T43: =0.5*$B$78 -> 0.5 | U43: =0.5*$B$78 -> 0.5 | V43: 1 | W43: 1 | X43: 1 | Y43: 1 | Z43: 1 | AA43: 1
A44: Inflacion USD | B44: Inflacion | C44: 2 | D44: =0.5*$B$78 -> 0.5 | E44: =0.5*$B$78 -> 0.5 | F44: =0.5*$B$78 -> 0.5 | G44: =0.5*$B$78 -> 0.5 | H44: =0.5*$B$78 -> 0.5 | I44: =0.5*$B$78 -> 0.5 | J44: =0.4*$B$78 -> 0.4 | K44: =0.4*$B$78 -> 0.4 | L44: =0.4*$B$78 -> 0.4 | M44: =0.4*$B$78 -> 0.4 | N44: =0.4*$B$78 -> 0.4 | O44: =0.4*$B$78 -> 0.4 | P44: =0.5*$B$78 -> 0.5 | Q44: =0.5*$B$78 -> 0.5 | R44: =0.5*$B$78 -> 0.5 | S44: =0.5*$B$78 -> 0.5 | T44: =0.5*$B$78 -> 0.5 | U44: =0.5*$B$78 -> 0.5 | V44: 1 | W44: 1 | X44: 1 | Y44: 1 | Z44: 1 | AA44: 1
A45: Inflacion USD | B45: Inflacion | C45: 3 | D45: =0.5*$B$78 -> 0.5 | E45: =0.5*$B$78 -> 0.5 | F45: =0.5*$B$78 -> 0.5 | G45: =0.5*$B$78 -> 0.5 | H45: =0.5*$B$78 -> 0.5 | I45: =0.5*$B$78 -> 0.5 | J45: =0.4*$B$78 -> 0.4 | K45: =0.4*$B$78 -> 0.4 | L45: =0.4*$B$78 -> 0.4 | M45: =0.4*$B$78 -> 0.4 | N45: =0.4*$B$78 -> 0.4 | O45: =0.4*$B$78 -> 0.4 | P45: =0.5*$B$78 -> 0.5 | Q45: =0.5*$B$78 -> 0.5 | R45: =0.5*$B$78 -> 0.5 | S45: =0.5*$B$78 -> 0.5 | T45: =0.5*$B$78 -> 0.5 | U45: =0.5*$B$78 -> 0.5 | V45: 1 | W45: 1 | X45: 1 | Y45: 1 | Z45: 1 | AA45: 1
A46: Inflacion USD | B46: Inflacion | C46: 5 | D46: =0.5*$B$78 -> 0.5 | E46: =0.5*$B$78 -> 0.5 | F46: =0.5*$B$78 -> 0.5 | G46: =0.5*$B$78 -> 0.5 | H46: =0.5*$B$78 -> 0.5 | I46: =0.5*$B$78 -> 0.5 | J46: =0.4*$B$78 -> 0.4 | K46: =0.4*$B$78 -> 0.4 | L46: =0.4*$B$78 -> 0.4 | M46: =0.4*$B$78 -> 0.4 | N46: =0.4*$B$78 -> 0.4 | O46: =0.4*$B$78 -> 0.4 | P46: =0.5*$B$78 -> 0.5 | Q46: =0.5*$B$78 -> 0.5 | R46: =0.5*$B$78 -> 0.5 | S46: =0.5*$B$78 -> 0.5 | T46: =0.5*$B$78 -> 0.5 | U46: =0.5*$B$78 -> 0.5 | V46: 1 | W46: 1 | X46: 1 | Y46: 1 | Z46: 1 | AA46: 1
A48: Kb | D48: =+D15 -> 1202081.5 | E48: =+E15 -> 1202081.5 | F48: =+F15 -> 1131370.8 | G48: =+G15 -> 919238.82 | H48: =+H15 -> 848528.14 | I48: =+I15 -> 0 | J48: =+D16 -> 1202081.5 | K48: =+E16 -> 1202081.5 | L48: =+F16 -> 1131370.8 | M48: =+G16 -> 919238.82 | N48: =+H16 -> 848528.14 | O48: =+I16 -> 0 | P48: =+D17 -> 1131370.8 | Q48: =+E17 -> 0 | R48: =+F17 -> 0 | S48: =+G17 -> 0 | T48: =+H17 -> 0 | U48: =+I17 -> 0 | V48: =+D18 -> 1131370.8 | W48: =+E18 -> 0 | X48: =+F18 -> 0 | Y48: =+G18 -> 0 | Z48: =+H18 -> 0 | AA48: =+I18 -> 0
C49: Curva | D49: {=+TRANSPOSE(B51:B56)} -> 1M | E49: 1M | F49: 1M | G49: 1M | H49: 1M | I49: 1M | J49: 3M | K49: 3M | L49: 3M | M49: 3M | N49: 3M | O49: 3M | P49: Inflacion EUR | Q49: Inflacion EUR | R49: Inflacion EUR | S49: Inflacion EUR | T49: Inflacion EUR | U49: Inflacion EUR | V49: Inflacion USD | W49: Inflacion USD | X49: Inflacion USD | Y49: Inflacion USD | Z49: Inflacion USD | AA49: Inflacion USD
B50: Curva | C50: Tenor | D50: {=+TRANSPOSE(C51:C56)} -> 0.25 | E50: 0.5 | F50: 1 | G50: 2 | H50: 3 | I50: 5 | J50: 0.25 | K50: 0.5 | L50: 1 | M50: 2 | N50: 3 | O50: 5 | P50: 0.25 | Q50: 0.5 | R50: 1 | S50: 2 | T50: 3 | U50: 5 | V50: 0.25 | W50: 0.5 | X50: 1 | Y50: 2 | Z50: 3 | AA50: 5
A51: {=+TRANSPOSE(D48:AA48)} -> 1202081.5 | B51: 1M | C51: 0.25 | D51: =+$A51*D$48 -> 1.445e+12 | E51: =+$A51*E$48 -> 1.445e+12 | F51: =+$A51*F$48 -> 1.36e+12 | G51: =+$A51*G$48 -> 1.105e+12 | H51: =+$A51*H$48 -> 1.02e+12 | I51: =+$A51*I$48 -> 0 | J51: =+$A51*J$48 -> 1.445e+12 | K51: =+$A51*K$48 -> 1.445e+12 | ... AA51: =+$A51*AA$48 -> 0
A52: 1202081.5 | B52: 1M | C52: 0.5 | D52: =+$A52*D$48 -> 1.445e+12 | E52: =+$A52*E$48 -> 1.445e+12 | F52: =+$A52*F$48 -> 1.36e+12 | G52: =+$A52*G$48 -> 1.105e+12 | H52: =+$A52*H$48 -> 1.02e+12 | I52: =+$A52*I$48 -> 0 | J52: =+$A52*J$48 -> 1.445e+12 | K52: =+$A52*K$48 -> 1.445e+12 | ... AA52: =+$A52*AA$48 -> 0
A53: 1131370.8 | B53: 1M | C53: 1 | D53: =+$A53*D$48 -> 1.36e+12 | E53: =+$A53*E$48 -> 1.36e+12 | F53: =+$A53*F$48 -> 1.28e+12 | G53: =+$A53*G$48 -> 1.04e+12 | H53: =+$A53*H$48 -> 9.6e+11 | I53: =+$A53*I$48 -> 0 | J53: =+$A53*J$48 -> 1.36e+12 | K53: =+$A53*K$48 -> 1.36e+12 | ... AA53: =+$A53*AA$48 -> 0
A54: 919238.82 | B54: 1M | C54: 2 | D54: =+$A54*D$48 -> 1.105e+12 | E54: =+$A54*E$48 -> 1.105e+12 | F54: =+$A54*F$48 -> 1.04e+12 | G54: =+$A54*G$48 -> 8.45e+11 | H54: =+$A54*H$48 -> 7.8e+11 | I54: =+$A54*I$48 -> 0 | J54: =+$A54*J$48 -> 1.105e+12 | K54: =+$A54*K$48 -> 1.105e+12 | ... AA54: =+$A54*AA$48 -> 0
A55: 848528.14 | B55: 1M | C55: 3 | D55: =+$A55*D$48 -> 1.02e+12 | E55: =+$A55*E$48 -> 1.02e+12 | F55: =+$A55*F$48 -> 9.6e+11 | G55: =+$A55*G$48 -> 7.8e+11 | H55: =+$A55*H$48 -> 7.2e+11 | I55: =+$A55*I$48 -> 0 | J55: =+$A55*J$48 -> 1.02e+12 | K55: =+$A55*K$48 -> 1.02e+12 | ... AA55: =+$A55*AA$48 -> 0
A56: 0 | B56: 1M | C56: 5 | D56: =+$A56*D$48 -> 0 | E56: =+$A56*E$48 -> 0 | F56: =+$A56*F$48 -> 0 | G56: =+$A56*G$48 -> 0 | H56: =+$A56*H$48 -> 0 | I56: =+$A56*I$48 -> 0 | J56: =+$A56*J$48 -> 0 | K56: =+$A56*K$48 -> 0 | ... AA56: =+$A56*AA$48 -> 0
A57: 1202081.5 | B57: 3M | C57: 0.25 | D57: =+$A57*D$48 -> 1.445e+12 | E57: =+$A57*E$48 -> 1.445e+12 | F57: =+$A57*F$48 -> 1.36e+12 | G57: =+$A57*G$48 -> 1.105e+12 | H57: =+$A57*H$48 -> 1.02e+12 | I57: =+$A57*I$48 -> 0 | J57: =+$A57*J$48 -> 1.445e+12 | K57: =+$A57*K$48 -> 1.445e+12 | ... AA57: =+$A57*AA$48 -> 0
A58: 1202081.5 | B58: 3M | C58: 0.5 | D58: =+$A58*D$48 -> 1.445e+12 | E58: =+$A58*E$48 -> 1.445e+12 | F58: =+$A58*F$48 -> 1.36e+12 | G58: =+$A58*G$48 -> 1.105e+12 | H58: =+$A58*H$48 -> 1.02e+12 | I58: =+$A58*I$48 -> 0 | J58: =+$A58*J$48 -> 1.445e+12 | K58: =+$A58*K$48 -> 1.445e+12 | ... AA58: =+$A58*AA$48 -> 0
A59: 1131370.8 | B59: 3M | C59: 1 | D59: =+$A59*D$48 -> 1.36e+12 | E59: =+$A59*E$48 -> 1.36e+12 | F59: =+$A59*F$48 -> 1.28e+12 | G59: =+$A59*G$48 -> 1.04e+12 | H59: =+$A59*H$48 -> 9.6e+11 | I59: =+$A59*I$48 -> 0 | J59: =+$A59*J$48 -> 1.36e+12 | K59: =+$A59*K$48 -> 1.36e+12 | ... AA59: =+$A59*AA$48 -> 0
A60: 919238.82 | B60: 3M | C60: 2 | D60: =+$A60*D$48 -> 1.105e+12 | E60: =+$A60*E$48 -> 1.105e+12 | F60: =+$A60*F$48 -> 1.04e+12 | G60: =+$A60*G$48 -> 8.45e+11 | H60: =+$A60*H$48 -> 7.8e+11 | I60: =+$A60*I$48 -> 0 | J60: =+$A60*J$48 -> 1.105e+12 | K60: =+$A60*K$48 -> 1.105e+12 | ... AA60: =+$A60*AA$48 -> 0
A61: 848528.14 | B61: 3M | C61: 3 | D61: =+$A61*D$48 -> 1.02e+12 | E61: =+$A61*E$48 -> 1.02e+12 | F61: =+$A61*F$48 -> 9.6e+11 | G61: =+$A61*G$48 -> 7.8e+11 | H61: =+$A61*H$48 -> 7.2e+11 | I61: =+$A61*I$48 -> 0 | J61: =+$A61*J$48 -> 1.02e+12 | K61: =+$A61*K$48 -> 1.02e+12 | ... AA61: =+$A61*AA$48 -> 0
A62: 0 | B62: 3M | C62: 5 | D62: =+$A62*D$48 -> 0 | E62: =+$A62*E$48 -> 0 | F62: =+$A62*F$48 -> 0 | G62: =+$A62*G$48 -> 0 | H62: =+$A62*H$48 -> 0 | I62: =+$A62*I$48 -> 0 | J62: =+$A62*J$48 -> 0 | K62: =+$A62*K$48 -> 0 | ... AA62: =+$A62*AA$48 -> 0
A63: 1131370.8 | B63: Inflacion | C63: 0.25 | D63: =+$A63*D$48 -> 1.36e+12 | E63: =+$A63*E$48 -> 1.36e+12 | F63: =+$A63*F$48 -> 1.28e+12 | G63: =+$A63*G$48 -> 1.04e+12 | H63: =+$A63*H$48 -> 9.6e+11 | I63: =+$A63*I$48 -> 0 | J63: =+$A63*J$48 -> 1.36e+12 | K63: =+$A63*K$48 -> 1.36e+12 | ... AA63: =+$A63*AA$48 -> 0
... A74: 0 | B74: Inflacion | C74: 5 | D74: =+$A74*D$48 -> 0 | E74: =+$A74*E$48 -> 0 | F74: =+$A74*F$48 -> 0 | G74: =+$A74*G$48 -> 0 | H74: =+$A74*H$48 -> 0 | I74: =+$A74*I$48 -> 0 | J74: =+$A74*J$48 -> 0 | K74: =+$A74*K$48 -> 0 | ... AA74: =+$A74*AA$48 -> 0
A77: CAPITAL | C77: =+SQRT(SUMPRODUCT(D23:AA46,D51:AA74)) -> 10280536
A78: Escenario rho | B78: =+correlaciones!$Y$2 -> 1
